std_smiles,VDss (L/kg)
CN1C(=O)CC[C@H]1c1cccnc1,0.0414
CC1(C)S[C@@H]2[C@H](NC(=O)[C@H](N)c3ccc(O)cc3)C(=O)N2[C@H]1C(=O)O,-0.602
CC1(C)S[C@@H]2[C@H](NC(=O)C(C(=O)O)c3ccccc3)C(=O)N2[C@H]1C(=O)O,-0.77
CO/N=C(\C(=O)N[C@@H]1C(=O)N2C(C(=O)O)=C(C)CS[C@H]12)c1csc(N)n1,-0.553
N/N=c1/cc2c(n[nH]1)CCN(C(=O)c1ccccc1)C2,0.342
C/C=C/C[C@@H](C)C(=O)[C@@H]1C(=O)N[C@@H](C(C)C)C(=O)N(C)CC(=O)N(C)[C@@H](CC(C)C)C(=O)N[C@@H](C(C)C)C(=O)N(C)[C@H](CC(C)C)C(=O)N[C@@H](C)C(=O)N[C@H](C)C(=O)N(C)[C@@H](CC(C)C)C(=O)N(C)[C@H](CC(C)C)C(=O)N(C)[C@@H](C(C)C)C(=O)N1C,0.255
CC(CCc1ccccc1)NCC(O)c1ccc(O)c(C(N)=O)c1,0.681
CC(C)(C)NCC(O)c1ccc(O)c(CO)c1,0.279
CCN(CC)CCNC(=O)c1ccc(NC(C)=O)cc1,0.279
CO/N=C(\C(=O)N[C@@H]1C(=O)N2C(C(=O)O)=CCS[C@@H]12)c1csc(N)n1,-0.699
CCOc1ccccc1OCC1CNCCO1,-0.137
Cc1cn([C@H]2C[C@H](N=[N+]=[N-])[C@@H](CO)O2)c(=O)[nH]c1=O,0.255
CC1(C)S[C@@H]2[C@H](NC(=O)[C@@H](c3ccccc3)S(=O)(=O)O)C(=O)N2[C@H]1C(=O)O,-0.824
CCCC[C@@H]1CC(=O)[C@]2(O)O[C@@H]3[C@@H](NC)[C@@H](O)[C@@H](NC)[C@H](O)[C@H]3O[C@@H]2O1,-0.155
CCCCc1nc(Cl)c(CO)n1Cc1ccc(-c2ccccc2-c2nnn[nH]2)cc1,-0.432
C[C@@H]1CC2=CC(=O)CCC2C2CCC3(C)C(O)CCC3C21,-0.0969
NC(=O)c1csc([C@@H]2O[C@H](CO)[C@@H](O)[C@H]2O)n1,0.0414
CC[C@H]1CN2CCC1CC2[C@@H](O)c1ccnc2ccc(OC)cc12,0.447
CCCCCCCCOCCOC(=O)CN(CC(=O)O)c1ccccc1OCCOc1ccccc1N(CC(=O)O)CC(=O)OCCOCCCCCCCC,0.0414
O=C(O)[C@@H]1C[C@@H](C2CCCCC2)CN1C(=O)CP(=O)(O)CCCCc1ccccc1,-0.886
CC[C@H](C)C(=O)O[C@H]1C[C@@H](C)C=C2C=C[C@H](C)[C@H](CC[C@@H](O)C[C@@H](O)CC(=O)[O-])[C@H]21,-0.0605
CC(C)C[C@H](NC(=O)[C@H](Cc1ccccc1)NC(=O)c1cnccn1)B(O)O,1.0
CNS(=O)(=O)Cc1ccc2[nH]cc(CCN(C)C)c2c1,0.23
CC(CN(C)C)CN1c2ccccc2CCc2ccccc21,1.2
CO[C@]12CC[C@@]3(C[C@@H]1[C@](C)(O)C(C)(C)C)[C@H]1Cc4ccc(O)c5c4[C@@]3(CCN1CC1CC1)[C@H]2O5,0.69
CCOC(=O)[C@H]1[C@@H](OC(=O)c2ccccc2)C[C@@H]2CC[C@H]1N2C,0.204
CCCCCN(CCCOC)C(=O)C(CCC(=O)O)NC(=O)c1ccc(Cl)c(Cl)c1,-0.62
Oc1ccc2c3c1OC1[C@@H](O)CC[C@@]4(O)[C@@H](C2)N(CC2CCC2)CC[C@]314,0.663
CC(C(O)c1ccc(O)cc1)N1CCC(O)(c2ccccc2)CC1,0.643
O=C1c2cccc3c2C(CCC3)CN1C1CN2CCC1CC2,0.799
Nc1ccn(C2CC[C@@H](CO)O2)c(=O)n1,-0.268
NC(=O)CN1CC(O)CC1=O,-0.26
O=S=c1[nH]cco1,-0.77
S=C1NCN=C2N=CN=C12,0.0
CC(C)(C)NC[C@H](O)COc1nsnc1N1CCOCC1,0.176
C[C@@H]1O[C@@H](O[C@H]2[C@@H](O)C[C@H](O[C@H]3C[C@](O)(C(=O)CO)Cc4c(O)c5c(c(O)c43)C(=O)c3ccccc3C5=O)O[C@H]2C)C[C@H](N)[C@@H]1O,0.38
CC1(C)S[C@@H]2C(NC(=O)Cc3ccccc3)C(=O)N2[C@H]1C(=O)O,-0.62
CCN(CC)CC(=O)Nc1c(C)cccc1C,0.255
O=C(NCC1CCCCN1)c1cc(OCC(F)(F)F)ccc1OCC(F)(F)F,0.785
CN[C@@H]1C(O)[C@@H](O[C@@H]2[C@@H](O)[C@H](O[C@H]3OC(CN)=CC[C@H]3N)[C@@H](N)C[C@H]2N)OC[C@]1(C)O,-0.721
O=c1n(CCCN2CCN(c3cccc(Cl)c3)CC2)nc2ccccn12,-0.284
CN(/N=C/c1ccccc1[N+](=O)[O-])C(c1ccccc1[N+](=O)[O-])N(C)/N=C/c1ccccc1[N+](=O)[O-],-0.481
C=CC[C@@H]1/C=C(\C)C[C@H](C)C[C@H](OC)[C@H]2O[C@@](O)(C(=O)C(=O)N3CCCC[C@H]3C(=O)O[C@H](/C(C)=C/[C@@H]3CC[C@@H](O)[C@H](OC)C3)[C@H](C)[C@@H](O)CC1=O)[C@H](C)C[C@@H]2OC,0.0792
O=C1Nc2ccc(Cl)cc2C(c2ccccc2)=N[C@@H]1O,-0.229
NCC1(CC(=O)O)CCCCC1,-0.149
NCc1ccccc1CC(=O)NC1C(=O)N2C(C(=O)O)=C(CSc3nnnn3CC(=O)O)CSC12,-0.77
Cc1cccc([C@@H](C)c2c[nH]cn2)c1C,0.204
C[C@H]1O[C@@H](n2cc(F)c(=O)[nH]c2=O)[C@H](O)[C@@H]1O,-0.553
CC(C)NCC(O)c1ccc(NS(C)(=O)=O)cc1,0.114
CC[C@H](C)[C@H](NC(=O)[C@H](CC(N)=O)NC(=O)[C@@H](NC(=O)[C@H](CC(C)C)NC(=O)CNC(=O)[C@H](C)NC(=O)[C@@H]1CCCN1C(=O)[C@H](CCC(=O)O)NC(=O)[C@@H](N)CCCNC(=N)N)[C@@H](C)CC)C(=O)N[C@@H](CC(=O)O)C(=O)N[C@@H](CCC(=O)O)C(=O)O,-0.456
COc1ccc(Cl)cc1[C@]1(F)C(=O)Nc2cc(C(F)(F)F)ccc21,1.0
C[C@@H]1C[C@H]2[C@@H]3CCC4=CC(=O)C=C[C@]4(C)[C@@]3(F)[C@@H](O)C[C@]2(C)[C@@]1(O)C(=O)CO,-0.0269
COc1ccc(Cl)cc1C(=O)NC(C)c1ccc(S(=O)(=O)NC(=O)NC2CCCCC2)cc1,-1.1
O=C1CN(N=Cc2ccc(-c3ccc([N+](=O)[O-])cc3)o2)C(=O)N1,-0.432
CCN1C(C)=C(C(=O)[O-])C(c2cccc([N+](=O)[O-])c2C)C(C(=O)[O-])=C1C,0.785
Nc1nc(N)c2nc(-c3ccccc3)c(N)nc2n1,1.11
NC(N)=Nc1nc(CSCC/C(N)=N/S(N)(=O)=O)cs1,0.0792
CSc1ccc(C(=O)c2[nH]c(=O)[nH]c2C)cc1,0.255
COc1ccccc1Oc1c(NS(=O)(=O)c2ccc(C(C)C)cn2)nc(-c2ccnc(-c3nn[nH]n3)c2)nc1OCCO,-0.553
O=C(c1ccc(F)cc1)C1CCN(CCn2c(=O)[nH]c3ccccc3c2=O)CC1,0.591
CC1(C)SC2C(N(NC(=O)N3CCNC3=O)C(=O)Cc3ccccc3)C(=O)N2C1C(=O)O,-0.585
CCCCCNC(=O)c1coc([C@@H]2[C@@H]3CC[C@@H](O3)[C@@H]2Cc2ccccc2CCC(=O)O)n1,0.643
C[NH2+][C@]1(c2ccccc2Cl)CCCCC1=O,0.462
NC[C@H]1OC(O[C@@H]2[C@@H](N)C[C@@H](N)[C@H](O[C@H]3O[C@H](CO)[C@@H](O)[C@H](N)[C@H]3O)[C@H]2O)[C@H](O)[C@@H](O)[C@@H]1O,-0.585
COc1cc2ncnc(Nc3ccc(F)c(Cl)c3)c2cc1OCCCN1CCOCC1,1.36
[2H]c1c([2H])c([2H])c(C2=NCc3cnc(C)n3-c3ccc(Cl)cc32)c(F)c1[2H],0.0414
CC[C@H]1NC(=O)[C@@H](NC(=O)c2ncccc2O)[C@@H](C)OC(=O)[C@H](c2ccccc2)NC(=O)[C@@H]2CC(=O)[C@H](CS[C@@H]3CN4CCC3CC4)CN2C(=O)[C@H](Cc2ccc(N(C)C)cc2)N(C)C(=O)[C@@H]2CCCN2C1=O,-0.174
CO/N=C(\C(=O)N[C@@H]1C(=O)N2C(C(=O)[O-])=C(C[n+]3cccc4c3CCC4)CS[C@H]12)c1csc(N)n1,-0.62
CCC[C@@H]1C[C@@H](C(=O)N[C@@H](C(C)Cl)[C@H]2O[C@@H](SC)[C@H](O)[C@@H](O)[C@H]2O)N(C)C1,-0.102
CN(C)CCCN1c2ccccc2CCc2cc(O)ccc21,0.82
Nc1ncn([C@@H]2O[C@H](CO)[C@@H](O)[C@H]2O)c(=O)n1,-0.328
CCC#CC[C@H](C)[C@H](O)C#C[C@@H]1[C@H]2C/C(=C\COCC(=O)O)C[C@H]2C[C@H]1O,-1.1
CCn1cc(C(=O)O)c(=O)c2ccc(N3CCNCC3)cc21,0.301
C[C@H]1CNc2c(cccc2S(=O)(=O)N[C@@H](CCCN=C(N)N)C(=O)N2CC[C@@H](C)C[C@@H]2C(=O)O)C1,-0.77
C[C@H](NCCc1ccc(O)cc1)[C@H](O)c1ccc(O)cc1,0.643
CCCc1nn(C)c2c(=O)[nH]c(-c3cc(S(=O)(=O)N4CCN(C)CC4)ccc3OCC)nc12,0.146
CCC[C@H](N[C@@H](C)C(=O)N1[C@H](C(=O)O)C[C@@H]2CCCC[C@@H]21)C(=O)O,-0.119
Cc1cc(-n2cccc2)c(S(C)(=O)=O)cc1C(=O)N=C(N)N,0.0414
CCCCCCCCC/C=C/C=C/C(=O)NCC(=O)N[C@H]1[C@H]([C@@H](O)CO)O[C@H](Nc2ncnc3nc[nH]c23)[C@H](O)[C@@H]1O,-0.77
COc1c(N2CCNC(C)C2)c(F)cc2c(=O)c(C(=O)O)cn(C3CC3)c12,0.23
C/C=C1/NC(=O)[C@H]2CSSCC/C=C\[C@H](CC(=O)N[C@H](C(C)C)C(=O)N2)OC(=O)[C@H](C(C)C)NC1=O,0.0792
CCC(=O)N(c1ccccc1)C1CCN(CCc2ccccc2)CC1,-0.0506
C[C@H]1C(=O)O[C@H]2[CH]C34[C@H]5[CH][C@@H](C(C)(C)C)C36C(OC(=O)[C@@H]6O)O[C@@]4(C(=O)O5)[C@]21O,-0.208
CC[C@@](O)(C(=O)O)c1cc2n(c(=O)c1CO)Cc1c-2nc2cc(F)c(C)c3c2c1[C@@H](N)CC3,-0.357
COC(=O)CCc1ccc(OCC(O)CNC(C)C)cc1,0.0792
CCNC(=O)[C@@H]1CCCN1C(=O)[C@H](CCCNC(=N)N)NC(=O)[C@H](CC(C)C)NC(=O)[C@@H](CC(C)C)NC(=O)[C@H](Cc1ccc(O)cc1)NC(=O)[C@H](CO)NC(=O)[C@H](Cc1c[nH]c2ccccc12)NC(=O)[C@H](Cc1c[nH]cn1)NC(=O)[C@@H]1CCC(=O)N1,-0.42
Nc1ncnc2c1ncn2CCOCP(=O)(O)O,-0.377
CC(O)[C@H]1C(=O)N2C(C(=O)[O-])=C(SC3Cn4cnc[n+]4C3)[C@H](C)[C@H]12,-0.699
Cc1ccc(O)c([C@@H](CCN(C(C)C)C(C)C)c2ccccc2)c1,0.176
CNCC[C@@H](Oc1ccccc1C)c1ccccc1,-0.0706
Cc1cccc(Nc2ccncc2S(=O)(=O)NC(=O)NC(C)C)c1,-0.678
CCS(=O)(=O)CCn1c([N+](=O)[O-])cnc1C,-0.229
Cc1nnc2n1-c1ccc(Cl)cc1C(c1ccccc1)=NC2,-0.0969
CN(C)C(=O)Oc1cccc([N+](C)(C)C)c1,-0.131
COc1ccc(-c2nc3c([nH]2)C=CC(C2=C(C)C=NC(=O)C2)C3)cc1,0.301
C[C@@H]1[C@H](NC(=O)/C(=N\OC(C)(C)C(=O)O)c2csc(N)n2)C(=O)N1S(=O)(=O)O,-0.745
COc1cc(CC(=O)NCC(=O)N(CCC(=O)O)Cc2ccc(OC)c(OC)c2)ccc1NC(=O)Nc1ccccc1C,-0.602
O=C1C(=O)c2ccccc2C(O)=C1C1CCC(c2ccc(Cl)cc2)CC1,-0.222
CO[C@H]1/C=C/O[C@@]2(C)Oc3c(C)c(O)c4c(O)c(cc(O)c4c3C2=O)NC(=O)/C(C)=C\C=C\[C@H](C)[C@H](O)[C@@H](C)[C@@H](O)[C@@H](C)[C@H](OC(C)=O)[C@@H]1C,-0.0132
CC(=O)O[C@H]1C(=O)[C@]2(C)[C@@H](O)C[C@H]3OC[C@@]3(OC(C)=O)[C@H]2[C@H](OC(=O)c2ccccc2)[C@]2(O)C[C@H](OC(=O)[C@H](O)[C@@H](NC(=O)c3ccccc3)c3ccccc3)C(C)=C1C2(C)C,0.477
N#CC(CCN1CCC(C(N)=O)(N2CCCCC2)CC1)(c1ccccc1)c1ccccc1,0.672
N=C(N)NCCCC[C@@H]1NC(=O)CCSSC[C@@H](C(N)=O)NC(=O)[C@@H]2CCCN2C(=O)[C@H](Cc2c[nH]c3ccccc23)NC(=O)[C@H](CC(=O)O)NC(=O)CNC1=O,-0.77
[2H]C([2H])([2H])N(C)C(C)CC(C(=O)CC)(c1ccccc1)c1ccccc1,0.643
CCC1(c2cccc(O)c2)CCCCN(C)C1,0.519
C[C@@](O)(/C=C/[C@@H]1CC=CC(=O)O1)[C@@H](C[C@@H](O)/C=C\C=C/C=C/CO)OP(=O)(O)O,-1.07
[2H]C([2H])(O)C([2H])([2H])OCn1cnc2c(O)nc(N)nc21,-0.149
CCCCCN(CCCOC)C(=O)[C@@H](CCC(=O)O)NC(=O)c1ccc(Cl)c(Cl)c1,-0.745
Cc1ccccc1N1C(=O)c2cc(S(N)(=O)=O)c(Cl)cc2NC1C,0.204
CCOc1ccccc1OCCN[C@H](C)Cc1ccc(OC)c(S(N)(=O)=O)c1,-0.678
COCCNC(=O)CN(CCN(CCN(CC(=O)[O-])CC(=O)NCCOC)CC(=O)[O-])CC(=O)[O-],-0.796
Cc1c(OCC(F)(F)F)ccnc1C[S+]([O-])c1nc2ccccc2[nH]1,-0.553
CCn1cc(C(=O)O)c(=O)c2cc(F)c(N3CCN(C)CC3)cc21,0.176
CCCCCOc1ccc(-c2ccc(-c3ccc(C(=O)N[C@H]4C[C@@H](O)[C@@H](O)NC(=O)[C@@H]5[C@@H](O)[C@@H](C)CN5C(=O)[C@H]([C@@H](C)O)NC(=O)[C@H]([C@H](O)[C@@H](O)c5ccc(O)cc5)NC(=O)[C@@H]5C[C@@H](O)CN5C(=O)[C@H]([C@@H](C)O)NC4=O)cc3)cc2)cc1,-0.244
CCN(CC)CC#CCOC(=O)C(O)(c1ccccc1)C1CCCCC1,-0.0706
Nc1nc(/C(=N\O)C(=O)N[C@@H]2C(=O)N3C(C(=O)O)=C(/C=C4\CCN([C@@H]5CCNC5)C4=O)CS[C@H]23)ns1,-0.569
CC(C)NCC(O)COc1cccc2ccccc12,0.491
Nc1ccn(C[C@@H](CO)OCP(=O)(O)O)c(=O)n1,-0.31
CO[C@@]1(NC(=O)Cc2cccs2)C(=O)N2C(C(=O)O)=C(COC(N)=O)CSC21,-0.77
CCCCCC1=NC=CC=CC=C1,0.531
COc1cc2nc(N3CCN(C(=O)C4CCCO4)CC3)nc(N)c2cc1OC,-0.00877
CN(C)CCN(Cc1cccs1)c1ccccn1,0.519
Cc1cc(=O)n(-c2ccccc2)n1C,-0.114
CCCC[N+](CCCC)(CCCC)CCCC,0.176
CN1CCC[C@H]1c1cccnc1,0.415
N[C@H]1CN(c2c(F)cc3c(=O)c(C(=O)O)cn(C4C[C@H]4F)c3c2Cl)CC12CC2,0.176
Clc1ccccc1N1CCNCC1,0.398
COc1cc(NC(C)CCCN)c2ncccc2c1,0.602
C=C[C@H]1CN2CC[C@@H]1C[C@H]2[C@H](O)c1ccnc2ccc(OC)cc12,0.255
CN(C)CC/C=C1\c2ccccc2COc2ccccc21,1.08
Cc1nnc(SCC2=C(C(=O)O)N3C(=O)[C@@H](NC(=O)[C@H](O)c4ccccc4)[C@H]3SC2)s1,-0.886
COc1cccc2c1C(=O)c1c(O)c3c(c(O)c1C2=O)C[C@@](O)(C(=O)CO)C[C@@H]3O[C@H]1C[C@H](N)[C@@H](O)[C@H](C)O1,1.65
CC1(C)S[C@@H]2[C@H](NC(=O)[C@@H](NC(=O)N3CCN(S(C)(=O)=O)C3=O)c3ccccc3)C(=O)N2[C@@H]1C(=O)[O-],-1.05
C[C@@H]1O[C@@H]1P(=O)(O)O,-0.495
CC12Cc3cn[nH]c3C(O)C1CCC1C2CCC2(C)C1CC(O)C2(C)O,-0.523
CNC1CCc2[nH]c3ccc(C(N)=O)cc3c2C1,0.556
CN1C(C(=O)Nc2ccccn2)C(=O)c2sccc2S1(=O)=O,-0.721
O=C(CCCN1CCC(n2c(=O)[nH]c3ccccc32)CC1)c1ccc(F)cc1,0.58
CCCCCCCCCCNCCN[C@@]1(C)C[C@H](O[C@H]2[C@H](Oc3c4cc5cc3Oc3ccc(cc3Cl)[C@@H](O)[C@@H](NC(=O)[C@@H](CC(C)C)NC)C(=O)N[C@@H](CC(N)=O)C(=O)N[C@H]5C(=O)N[C@H]3C(=O)N[C@H](C(=O)N[C@H](C(=O)O)c5cc(O)c(CNCP(=O)(O)O)c(O)c5-c5cc3ccc5O)[C@H](O)c3ccc(c(Cl)c3)O4)O[C@H](CO)[C@@H](O)[C@@H]2O)O[C@@H](C)[C@H]1O,-0.959
CC1CN([C@H]2C=C[C@@H](CO)O2)C(=O)NC1=O,-0.174
CNC1C(O)C([NH2+]C)C2OC3(O)C(=O)CC(C)OC3OC2C1O,-0.886
N#Cc1ccc(C(c2ccc(C#N)cc2)n2cncn2)cc1,0.279
CC1COc2c(N3CCN(C)CC3)c(F)cc3c(=O)c(C(=O)O)cn1c23,0.204
COc1cccc(OC)c1C(=O)N[C@@H]1C(=O)N2[C@@H](C(=O)O)C(C)(C)S[C@H]12,-0.495
CC(C)NCC(O)c1ccc(O)c(O)c1,0.176
CC(=O)OC1C=C2CCC3C(CCC4(C)C3CC([N+]3(C)CCCCC3)C4OC(C)=O)C2CC1N1CCCCC1,-0.523
CCOC(=O)NC1CC2CCC1C2,-0.131
O=C(O)CC(=O)c1ccc(F)cc1,-0.119
NS(=O)(=O)c1cc(C2(O)NC(=O)c3ccccc32)ccc1Cl,0.591
O=C(N[C@H](CO)[C@H](O)c1ccc([N+](=O)[O-])cc1)C(Cl)Cl,-0.0269
CN1CC[C@@H](c2c(O)cc(O)c3c(=O)cc(-c4ccccc4Cl)oc23)[C@@H](O)C1,0.176
CCCCC1=NC2(CCCC2)C(=O)N1Cc1ccc(-c2ccccc2-c2nnn[nH]2)cc1,-0.0269
COc1ccc(CC2c3cc(OC)c(OC)cc3CC[N+]2(C)CCC(=O)OCCCCCOC(=O)CC[N+]2(C)CCc3cc(OC)c(OC)cc3C2Cc2ccc(OC)c(OC)c2)cc1OC,-1.0
C[C@@H]1CC[C@H]2[C@@H](C)[C@H](OC(=O)CCC(=O)[O-])O[C@@H]3O[C@@]4(C)CC[C@@H]1[C@@]23OO4,1.18
C[C@@H](c1ncncc1F)[C@](O)(Cn1cncn1)c1ccc(F)cc1F,0.342
NS(=O)(=O)c1cc(C(=O)O)cc(N2CCCC2)c1Oc1ccccc1,-0.77
C[C@@H](O)[C@H]1C(=O)N2C(C(=O)O)=C(S[C@@H]3CN[C@@H](C(=O)Nc4cccc(C(=O)O)c4)C3)[C@H](C)[C@H]12,-0.921
CCCCNC(=O)NS(=O)(=O)c1ccc(C)cc1,-0.921
CO/N=C(/C(=O)NC1C(=O)N2C(C(=O)O)=C(CSc3nc(C)c(CC(=O)O)s3)CSC12)c1csc(N)n1,-1.27
COc1cc2c(cc1OC)[C@@H](Cc1cc(OC)c(OC)c(OC)c1)[N+](C)(CCCOC(=O)CCC=CCCC(=O)OCCC[N+]1(C)CCc3cc(OC)c(OC)cc3[C@H]1Cc1cc(OC)c(OC)c(OC)c1)CC2,-0.569
CC[C@]1(O)C[C@@H]2CN(CCc3c([nH]c4ccccc34)[C@@](C(=O)OC)(c3cc4c(cc3OC)N(C=O)[C@@H]3C45CCN4CC=C[C@@](CC)([C@H](OC(C)=O)[C@]3(O)C(=O)OC)[C@H]45)C2)C1,1.45
C[C@H](N)Cc1ccccc1,0.785
CC(C)(C)NCC(O)c1cc(O)cc(O)c1,0.176
Cc1[nH]cnc1CN1CCc2c(c3ccccc3n2C)C1=O,0.0414
C[C@H](CN1CC(=O)NC(=O)C1)N1CC(=O)NC(=O)C1,-0.26
CN1C(=O)CN=C(c2ccccc2F)c2cc([N+](=O)[O-])ccc21,0.279
CN(C)Cc1nc(CSCCN(C)/C(N)=C/[N+](=O)[O-])cs1,0.0
COC(=O)C1=C(C)NC(C)=C(C(=O)OCC(C)C)C1c1cccc([N+](=O)[O-])c1,0.74
Cc1onc(-c2ccccc2)c1C(=O)NC1C(=O)N2[C@@H](C(=O)[O-])C(C)(C)S[C@H]12,-0.721
CCCc1nc2c(C)cc(-c3nc4ccccc4n3C)cc2n1Cc1ccc(-c2ccccc2C(=O)O)cc1,0.724
CC(C)C(CC[C@@H](C)[C@H]1CC[C@H]2[C@H]3[C@H](CC[C@@]21C)[C@@]1(C)CC[C@H](NCCCNCCCCN)C[C@@H]1C[C@H]3O)OS(=O)(=O)O,-0.638
CN(C)CCC=C1c2ccccc2CCc2ccccc21,0.94
O=C1CN=C(c2ccccc2)c2cc(Cl)ccc2N1,-0.347
CCC(=O)N(c1ccccc1)C1(C(=O)OC)CCN(CCC(=O)OC)CC1,-0.398
CN(C)NN=C1N=CN=C1C(N)=O,0.0792
O=P1(NCCCl)OCCCN1CCCl,-0.208
CCC1(O)C(=O)OCc2c1cc1n(c2=O)Cc2cc3c(N)cccc3nc2-1,0.342
CCN(CC)CCNC(=O)c1ccc(N)cc1,0.342
Nc1nc(NC2CC2)c2ncn([C@H]3CC[C@@H](CO)C3)c2n1,-0.0757
C#Cc1cc2c(cc1OS(=O)(=O)O)CC[C@@H]1[C@@H]2CC[C@]2(C)[C@@H](O)CC[C@@H]12,0.362
CCN(C(C)=O)c1cccc(-c2ccnc3c(C#N)cnn23)c1,0.114
CCC(C)n1ncn(-c2ccc(N3CCN(c4ccc(OC[C@@H]5CO[C@@](Cn6cncn6)(c6ccc(Cl)cc6Cl)O5)cc4)CC3)cc2)c1=O,0.869
CCCCS(=O)(=O)NC(Cc1ccc(OCCCCC2CCNCC2)cc1)C(=O)O,-0.00436
C=CCN1CC[C@]23c4c5ccc(O)c4O[C@H]2C(=O)CC[C@@]3(O)[C@H]1C5,0.23
O=C1c2c(O)ccc(O)c2C(=O)c2c(NCCNCCO)ccc(NCCNCCO)c21,1.08
CC(C)C1CCC(C(=O)NC(Cc2ccccc2)C(=O)O)CC1,-0.824
COc1cc2nc(N3CCN(C(=O)c4ccco4)CC3)nc(N)c2cc1OC,-0.137
NC(=O)C(c1ccccc1)(c1ccccc1)[C@@H]1CCN(CCc2ccc3c(c2)CCO3)C1,0.415
Cc1nnc2n1-c1sc(Br)cc1C(c1ccccc1Cl)=NC2,-0.125
COC(C)CC(C)OC(=O)C1=C(C)NC(C)=C(C(=O)O)C1c1cccc([N+](=O)[O-])c1,0.0414
CC(CS)C(=O)N1CCC[C@@H]1C(=O)O,-0.125
C[C@]12CC[C@@H]3c4ccc(O)cc4CC[C@@H]3[C@H]1CC[C@H]2O,0.0792
N[C@@H](Cc1ccc(O)c(O)c1)C(=O)O,0.23
COc1ccccc1Oc1c(NS(=O)(=O)c2ccc(C(C)(C)C)cc2)nc(-c2ncccn2)nc1OCCO,-0.538
O=C(Oc1ccc(F)cc1)c1ccc(Cl)cc1,1.11
CC(O)C(=O)Nc1c(I)c(C(=O)NC(CO)CO)c(I)c(C(=O)NC(CO)CO)c1I,-0.553
CON=C(C(=O)N[C@@H]1C(=O)N2C(C(=O)O)=C(COC(N)=O)CS[C@H]12)c1ccco1,-0.824
[2H]c1c([2H])c([2H])c(C(=O)c2ccc3n2CCC3C(=O)O)c([2H])c1[2H],-0.959
CC(CCc1ccc2c(c1)OCO2)NCC(O)c1ccc(O)c(C(N)=O)c1,0.898
CC[C@H](C)C(=O)O[C@H]1C[C@H](O)C=C2C=C[C@H](C)[C@H](CC[C@@H](O)C[C@@H](O)CC(=O)O)[C@H]21,-0.337
CCCCN1CCCCC1C(=O)Nc1c(C)cccc1C,-0.0757
N=C(N)NC(=O)Cc1c(Cl)cccc1Cl,0.748
CC(=O)O[C@H]1C(=O)[C@]23C[C@H]2C[C@H]2OC[C@@]2(OC(C)=O)[C@H]3[C@H](OC(=O)c2ccccc2)[C@]2(O)C[C@H](OC(=O)[C@H](O)[C@@H](NC(=O)OC(C)(C)C)c3ccccc3)C(C)=C1C2(C)C,1.08
C[C@]12C[C@H](O)[C@H]3[C@@H](CCC4=CC(=O)CC[C@@]43C)[C@@H]1CC[C@]2(O)C(=O)CO,-0.42
CCN(CCO)CCCC(C)Nc1ccnc2cc(Cl)ccc12,2.85
CC(=O)OC1[C@@H]([N+]2(C)CCCCC2)C[C@H]2[C@@H]3CC[C@H]4C[C@H](OC(C)=O)[C@@H]([N+]5(C)CCCCC5)C[C@]4(C)[C@H]3CC[C@]12C,-0.699
C=C(CC)C(=O)c1ccc(OCC(=O)O)c(Cl)c1Cl,-0.585
CCCCCOc1ccc(-c2cc(-c3ccc(C(=O)N[C@H]4C[C@@H](O)[C@@H](O)NC(=O)[C@@H]5[C@@H](O)[C@@H](C)CN5C(=O)[C@H]([C@H](O)CC(N)=O)NC(=O)[C@H]([C@H](O)[C@@H](O)c5ccc(O)c(OS(=O)(=O)O)c5)NC(=O)[C@@H]5C[C@@H](O)CN5C(=O)[C@H]([C@H](C)O)NC4=O)cc3)no2)cc1,-0.678
CN(C)CCCC1(c2ccc(F)cc2)OCc2cc(C#N)ccc21,1.08
CN1CCN(CCCCN2C(=O)CN(/N=C/c3ccc(-c4ccc(Cl)cc4)o3)C2=O)CC1,1.11
CN(C(=O)c1c(O)c2ccccc2n(C)c1=O)c1ccccc1,-0.678
CCC(=O)C1(c2cccc(O)c2)CCN(C)CC1,-0.319
OC1=Nc2ccc(Cl)cc2C(c2ccccc2Cl)=NC1O,0.114
CN(CCOc1ccc(CC2SC(=O)NC2=O)cc1)c1ccccn1,-0.699
O=C(O)[C@H]1C(=CCO)O[C@@H]2CC(=O)N21,-0.658
CN(CCl)CCOC(c1ccccc1)c1ccc(Br)cc1,1.0
CN(C)CCOC(c1ccccc1)c1ccccc1,0.813
CN(C)C(=O)CCS[C@H](SCCC(=O)O)c1cccc(/C=C/c2ccc3ccc(Cl)cc3n2)c1,-0.959
CC(C(=O)O)c1ccc(C(=O)c2cccs2)cc1,-1.4
COc1cccc([C@]2(O)CCCC[C@H]2CN(C)C)c1,0.447
COc1ccc(Cc2nccc3cc(OC)c(OC)cc23)cc1OC,0.0
Cc1ncsc1CCCl,0.82
Nc1ncn([C@H]2CC(O)[C@@H](CO)O2)c(=O)n1,0.663
CC(C)N(CCC(C(N)=O)(c1ccccc1)c1ccccn1)C(C)C,-0.284
O=[N+]([O-])O[C@H]1CO[C@H]2[C@H](O)CO[C@@H]12,-0.0655
CCCCCCCN(CC)CCCC(O)c1ccc(NS(C)(=O)=O)cc1,1.08
O=C1Cc2cc(CCN3CCN(c4nsc5ccccc45)CC3)c(Cl)cc2N1,0.0
CC(=O)Nc1c(I)c(NC(C)=O)c(I)c(C(=O)O)c1I,-0.585
CC1SC2C(NC(=O)C(N)c3ccc(O)cc3)C(=O)N2C(C(=O)O)=C1Sc1c[nH]nn1,-0.658
O=c1nc[nH]c2[nH]ncc12,-0.237
O=C1NCC2(CCN(CCc3ccccc3)CC2)O1,0.477
CN(C)C(=O)Oc1ccc[n+](C)c1,0.0414
CC1=C(C(=O)O)N2C(=O)[C@H](NC(=O)[C@H](N)c3ccccc3)C2SC1,-0.678
C=CCc1ccccc1OCC(O)CNC(C)C,0.505
CCC(C)C1NC(=O)C(Cc2ccc(OC)cc2)NC(=O)CC(C)(C)SSCC(C(=O)N2CCCC2C(=O)NC(CC(C)C)C(=O)NCC(N)=O)NC(=O)C(CC(N)=O)NC(=O)C(C(C)O)NC1=O,0.799
COc1ccc(C[C@@H]2c3cc(OC)c(OC)cc3CC[N@@+]2(C)CCC(=O)OCCCCCOC(=O)CC[N@@+]2(C)CCc3cc(OC)c(OC)cc3[C@H]2Cc2ccc(OC)c(OC)c2)cc1OC,-0.854
CCOC1(C(C)=O)C=CC(N)=CC1,0.146
C[C@@H](O)[C@H]1C(=O)N2C(C(=O)O)=C(S[C@@H]3CN[C@H](C(=O)N(C)C)C3)[C@H](C)[C@H]12,-0.523
CC(=O)O[C@@]12CO[C@@H]1C[C@H](O)[C@@]1(C)C(=O)[C@H](O)C3=C(C)[C@@H](OC(=O)[C@H](O)[C@@H](NC(=O)OC(C)(C)C)c4ccccc4)C[C@@](O)([C@@H](OC(=O)c4ccccc4)[C@@H]12)C3(C)C,0.322
Cc1ccnc2c1N=C(N)c1cccnc1N2C1CC1,0.114
CCCNC(C)C(=O)Nc1ccccc1C,0.568
O=C1C(CC[S+]([O-])c2ccccc2)C(=O)N(c2ccccc2)N1c1ccccc1,-0.921
CC1=C(C(=O)O)N2C(=O)[C@@H](NC(=O)[C@H](N)C3=CCC=CC3)[C@H]2SC1,-0.678
N=C(N)c1ccc(CNC(=O)[C@@H]2CCN2C(=O)[C@H](NCC(=O)O)C2CCCCC2)cc1,-0.638
CCCN(CCC)S(=O)(=O)c1ccc(C(=O)[O-])cc1,-0.886
NC(=O)c1ncn([C@@H]2O[C@H](CO)[C@@H](O)C2O)n1,1.15
COc1cc(C2c3cc4c(cc3C(OC3OC5COC(C)OC5C(O)C3N(C)C)C3COC(=O)C23)OCO4)cc(OC)c1O,-0.523
NC12C[C@H]3C[C@H](C1)C[C@@H](C2)C3,0.82
CC(CN1c2ccccc2Sc2ccccc21)N(C)C,1.15
O=c1[nH]c2ccccc2n1CCCCl,0.531
CN(CCOc1ccc(NS(C)(=O)=O)cc1)CCc1ccc(NS(C)(=O)=O)cc1,0.519
Cc1cccc(C)c1OCC(C)N,0.771
CN[C@@H]1[C@H](OC2[C@H](O[C@@H]3[C@@H](N=C(N)N)[C@H](O)[C@@H](N=C(N)N)[C@H](O)[C@H]3O)O[C@@H](C)[C@]2(O)C=O)O[C@@H](CO)[C@H](O)[C@H]1O,-0.469
N[C@@H](Cc1ccccc1)C(=O)O,-0.319
C/C=C/C[C@@H](C)[C@@H](O)[C@H]1C(=O)N[C@@H](CC)C(=O)N(C)CC(=O)N(C)[C@@H](CC(C)C)C(=O)N[C@@H](C(C)C)C(=O)N(C)[C@@H](CC(C)C)C(=O)N[C@@H](C)C(=O)N[C@H](C)C(=O)N(C)[C@@H](CC(C)C)C(=O)N(C)[C@@H](CC(C)C)C(=O)N(C)[C@@H](C(C)C)C(=O)N1C,0.519
CN1Cc2c(N)cccc2C(c2ccccc2)C1,0.778
CN(C)[C@@H]1C(=O)/C(=C(/N)O)C(=O)[C@@]2(O)C(=O)C3=C(O)c4c(O)ccc(Cl)c4[C@@H](O)[C@H]3C[C@@H]12,0.114
C[C@H]1c2cccc(O)c2C(=O)C2=C(O)[C@]3(O)C(=O)C(C(N)=O)=C(O)[C@@H](N(C)C)[C@@H]3[C@@H](O)[C@@H]21,-0.161
CC(C)C1N=C(c2ccccc2)c2cc(Cl)ccc2NC1=O,0.23
O=c1nccc(NF)[nH]1,-0.167
Nc1nc(Cl)nc2c1ncn2[C@H]1CC(O)[C@@H](CO)O1,0.886
O=C(O)c1cc(-c2ccc(F)cc2F)ccc1O,-1.01
CCOc1ccc2ccccc2c1NC(=O)[C@@H]1C(=O)N2C(C(=O)[O-])C(C)(C)S[C@H]12,-0.658
Nc1c2c(nc3ccccc13)CCCC2,1.04
COCCCOc1ccnc(C[S+]([O-])c2nc3ccccc3[nH]2)c1C,-0.658
NC1[C@@H]2CN(c3nc4c(cc3F)c(=O)c(C(=O)O)cn4-c3ccc(F)cc3F)C[C@H]12,0.114
Cc1cc(O)c2c(=O)c3c(O)cc(O)c4c5c(O)cc(O)c6c(=O)c7c(O)cc(C)c8c1c2c(c34)c(c78)c65,-0.602
C[C@@H](C=C[C@@H](C)[C@H]1CC[C@H]2C(=CC=C3C[C@@H](O)C[C@H](O)C3)CCC[C@@]21C)C(C)(C)O,-0.387
O=c1[nH]cnc2c1ncn2[C@H]1CC[C@@H](CO)O1,-0.114
CCOC(=O)Nc1ccc(NCc2ccc(F)cc2)nc1N,0.0414
CON=C(C(=O)NC1C(=O)N2C(C(=O)[O-])=C(CSc3nc(=O)c(=O)[nH]n3C)CSC12)c1csc(N)n1,-1.07
CCCCCC/C=C\CCCCCCCCCC(=O)N[C@H]1[C@H](OC[C@H]2O[C@H](OP(=O)(O)O)[C@H](NC(=O)CC(=O)CCCCCCCCCCC)[C@@H](OCCCCCCCCCC)[C@@H]2O)O[C@H](COC)[C@@H](OP(=O)(O)O)[C@@H]1OCC[C@@H](CCCCCCC)OC,-1.32
Cc1cnc(NC(=O)C2=C(O)c3ccccc3S(=O)(=O)N2)s1,-0.824
COc1cc([C@@H]2c3cc4c(cc3[C@@H](O[C@@H]3O[C@H]5CO[C@H](C)O[C@H]5[C@H](O)[C@H]3O)[C@H]3COC(=O)[C@H]23)OCO4)cc(OC)c1O,-0.745
CS(=O)(=O)N(CCO)c1c(Cl)c(Cl)cc2[nH]c(=O)c(=O)[nH]c12,-0.0969
CCc1nn(CCCN2CCN(c3cccc(Cl)c3)CC2)c(=O)n1CCOc1ccccc1,-0.292
O=C(O[C@H]1CN2CCC1CC2)N1CCc2ccccc2[C@@H]1c1ccccc1,0.914
Nc1nc(=O)c2ncn(CCC(CO)CO)c2[nH]1,0.0414
CC[C@H]1OC(=O)[C@H](C)C(=O)[C@H](C)[C@@H](O[C@@H]2O[C@H](C)C[C@H](N(C)C)[C@H]2O)[C@](C)(OC)C[C@@H](C)C(=O)[C@H](C)[C@H]2N(CCCCn3cnc(-c4cccnc4)c3)C(=O)O[C@]12C,0.477
COC1C(=O)C(C)CC(C)/C=C/C=C/C=C(\C)[C@@H](OC)C[C@@H]2CC[C@@H](C)[C@@](O)(O2)C(=O)C(=O)N2CCCC[C@H]2C(=O)O[C@H]([C@H](C)C[C@@H]2CC[C@@H](n3cnnn3)C(OC)C2)CC(=O)[C@H](C)/C=C(\C)[C@H]1O,0.114
NC1CCN(c2c(F)cc3c(=O)c(C(=O)O)cn(C4CC4)c3c2Cl)C1,0.279
CC(=O)[C@H]1CC[C@H]2[C@@H]3CC[C@@H]4C[C@H](O)CC[C@]4(C)[C@H]3CC[C@]12C,0.301
CN1CCC[C@@H]1Cc1c[nH]c2ccc(CCS(=O)(=O)c3ccccc3)cc12,0.204
Cc1cc(O)c2c(=O)c3c(O)cc(O)c4c5c(O)cc(O)c6c(=O)c7c(O)cc(CO)c8c1c2c(c34)c(c65)c78,-0.252
C[C@H](N[C@@H](CCc1ccccc1)C(=O)O)C(=O)N1CCC[C@H]1C(=O)O,-0.42
C[C@H]1O[C@H](O[C@@H]2[C@@H](CO)O[C@H](O[C@@H]3[C@@H](CO)O[C@@H](O)[C@H](O)[C@H]3O)[C@H](O)[C@H]2O)[C@H](O)[C@@H](O)[C@@H]1N[C@H]1C=C(CO)[C@@H](O)[C@H](O)[C@H]1O,-0.495
COc1cc2c3cc1Oc1cc(ccc1O)C[C@@H]1c4c(cc(OC)c(O)c4Oc4ccc(cc4)CC3[NH+](C)CC2)CC[N+]1(C)C,-0.347
CN(C)c1cc(NC(=O)CNC(C)(C)C)c(O)c2c1C[C@H]1C[C@H]3[C@H](N(C)C)C(O)=C(C(N)=O)C(=O)[C@@]3(O)C(O)=C1C2=O,1.08
CC(C)N(CC(O)c1cc(O)cc(O)c1)c1ccc(O)cc1,0.0792
CNC(=C[N+](=O)[O-])NCCSCc1ccc(CN(C)C)o1,0.0792
C[C@H]1C[C@H]2[C@@H]3CCC4=CC(=O)C=C[C@]4(C)[C@]3(F)[C@H](O)C[C@]2(C)[C@]1(O)C(=O)CO,0.114
Cc1cccc(C)c1NC(=O)NCCCNC(C)C,0.146
C[C@](N)(Cc1ccc(O)c(O)c1)C(=O)O,-0.161
COc1nc(N)nc2c1ncn2[C@@H]1O[C@H](CO)C(O)C1O,0.69
COc1cc(NS(C)(=O)=O)ccc1Cc1c2ccccc2nc2ccccc12,0.204
NC(=O)[NH+][O-],-0.284
O=C(CCC[NH+]1CCC(O)(c2ccc(Cl)cc2)CC1)c1ccc(F)cc1,1.23
COC(=O)C1=C(C)NC(C)=C(C(=O)OCCN(C)Cc2ccccc2)C1c1cccc([N+](=O)[O-])c1,0.0
O=C1CCc2ccc(OCCCCN3CCN(c4cccc(Cl)c4Cl)CC3)cc2N1,0.69
CC(=O)OC1CC2CCC3C(CCC4(C)C3CC([N+]3(C)CCCCC3)C4OC(C)=O)C2(C)CC1N1CCCCC1,-0.824
CN1CCN(c2c(F)cc3c(=O)c(C(=O)O)cn(CCF)c3c2F)CC1,0.204
CC1(C)S[C@@H]2[C@H](NC(=O)COc3ccccc3)C(=O)N2[C@H]1C(=O)O,-0.387
CCCC(=O)N1CCCN(c2nc(N)c3cc(OC)c(OC)cc3n2)CC1,-0.143
CN1[C@H]2C[C@@H](OC(=O)[C@H](CO)c3ccccc3)C[C@@H]1[C@@H]1O[C@@H]12,0.491
COc1ccc2c(c1)c(CC(=O)[O-])c(C)n2C(=O)c1ccc(Cl)cc1,-1.02
CC1=C(C(=O)O)N2C(=O)[C@@H](NC(=O)[C@H](N)c3ccc(O)cc3)[C@H]2SC1,-0.638
CNCCCC12CCC(c3ccccc31)c1ccccc12,1.65
CC[C@H](OC(C)=O)C(C[C@H](C)N(C)C)(c1ccccc1)c1ccccc1,0.919
COC(=O)C1=C(C)NC(C)=C(C(=O)OCCCN2CCC(c3ccccc3)(c3ccccc3)CC2)[C@@H]1c1cccc([N+](=O)[O-])c1,0.924
CC(C(=O)O)c1cccc(C(=O)c2ccccc2)c1,-0.886
CC1CCN(CCCC(=O)c2ccc(F)cc2)CC1,1.15
CCCCCN(C)CCC(O)(P(=O)(O)O)P(=O)(O)O,-0.26
COCC(=O)O[C@]1(CCN(C)CCCc2nc3ccccc3[nH]2)CCc2cc(F)ccc2[C@@H]1C(C)C,0.491
OC(Cn1cncn1)(Cn1cncn1)c1ccc(F)cc1F,-0.125
[2H]C1([2H])N(C2CCN(C(=O)Oc3ccc4nc5c(c(CC)c4c3)Cn3c-5cc4c(c3=O)COC(=O)C4(O)CC)CC2)C([2H])([2H])C([2H])([2H])C([2H])([2H])C1([2H])[2H],0.544
O=C(O)Cc1ccccc1Nc1c(Cl)cccc1Cl,-0.658
COc1ccc(C(=O)Nc2ccccc2CCC2CCCCN2C)cc1,0.342
N#Cc1ccc2c(c1)CN(S(=O)(=O)c1cccs1)C(Cc1ccccc1)CN2Cc1cnc[nH]1,-0.0757
CON=C(C(=O)N[C@@H]1C(=O)N2C(C(=O)O)=C(COC(C)=O)CS[C@H]12)c1csc(N)n1,-0.721
CCCCC/C=C/CCC(=O)NC1C(Oc2c3cc4cc2Oc2ccc(cc2Cl)C(OC2OC(CO)C(O)C(O)C2NC(C)=O)C2NC(=O)C(NC(=O)C4NC(=O)C4NC(=O)C(NC(=O)C(N)c5ccc(O)c(c5)Oc5cc4cc(O)c5C)C(O)c4ccc(c(Cl)c4)O3)c3ccc(O)c(c3)-c3c(OC4OC(CO)C(O)C(O)C4O)cc(O)cc3C(C(=O)OC)NC2=O)OC(CO)C(O)C1O,0.176
CN1[C@H]2CC[C@@H]1C[C@H](OC(=O)C(CO)c1ccccc1)C2,0.519
C[C@H](CCc1ccccc1)NC[C@@H](O)c1ccc(O)c(C(N)=O)c1,0.681
c1ccc2c(c1)OCC(C1=NCCN1)O2,0.519
CCCC[C@H](CN(O)C=O)C(=O)N[C@H](C(C)=O)C(C)(C)C,0.0414
CNC1=Nc2ccc(Cl)cc2C(c2ccccc2)=[N+](O)C1,-0.602
C[N+]1(CC2CC2)CC[C@]23c4c5ccc(O)c4O[C@H]2C(=O)CC[C@@]3(O)[C@H]1C5,0.415
CN1CCN(CCCN2c3ccccc3Sc3ccc(Cl)cc32)CC1,1.34
CC(=O)Oc1ccccc1C(=O)O,-0.658
CCN(C)C(=O)Oc1cccc([C@H](C)N(C)C)c1,0.114
COC(=O)Nc1nc2cc(C(=O)c3ccccc3)ccc2[nH]1,0.0792
CCN(CC)CCNC(=O)c1cc(Cl)c(N)cc1OC,0.505
CN1C(=O)CN=C(c2ccccc2)c2cc(Cl)ccc21,0.0
Cn1nnnc1SCC1=C(C(=O)[O-])N2C(=O)C(NC(=O)C(O)c3ccccc3)C2SC1,-0.796
O=C(NCCNCC(O)COc1ccc(O)cc1)N1CCOCC1,-0.194
NS(=O)(=O)c1cc(C(=O)O)c(NCc2ccco2)cc1Cl,-0.921
CC(C)(C)CCCCCCCCN,-0.495
CO[C@@]1(NC(=O)C2SC(=C(C(N)=O)C(=O)O)S2)C(=O)N2C(C(=O)O)=C(CSc3nnnn3C)CS[C@@H]21,-0.886
CO[C@H]1/C=C/O[C@@]2(C)Oc3c(C)c(O)c4c(c3C2=O)C2=NC3(CCN(CC(C)C)CC3)NC2=C(NC(=O)/C(C)=C\C=C\[C@H](C)[C@H](O)[C@@H](C)[C@@H](O)[C@H](C)[C@H](OC(C)=O)[C@H]1C)C4=O,0.968
CC(C)NCC(O)COc1ccc(COCCOC(C)C)cc1,0.38
O=C(OC1CC2CC3C[C@H](C1)N2CC3=O)c1c[nH]c2ccccc12,0.301
CC(C)(C)NC(=O)[C@H]1CC[C@H]2[C@@H]3CC=C4C=C(C(=O)O)CC[C@]4(C)[C@H]3CC[C@]12C,-0.268
O=C[C@H](O)CO,0.431
CCCNCC(O)COc1ccccc1C(=O)CCc1ccccc1,0.342
COc1ccc2[nH]c([S+]([O-])Cc3ncc(C)c(OC)c3C)nc2c1,-0.62
CN(C)[C@@H]1C(O)=C(C(N)=O)C[C@@]2(O)C(O)=C3C(=O)c4c(O)cccc4[C@@](C)(O)C3C(O)[C@@H]12,0.23
NCCC(O)(P(=O)(O)O)P(=O)(O)O,0.255
Cn1cc(NC(=O)Nc2cc(C(=O)Nc3cc(C(=O)Nc4ccc5cc(S(=O)(=O)[O-])cc(S(=O)(=O)[O-])c5c4)n(C)c3)n(C)c2)cc1C(=O)Nc1cc(C(=O)Nc2ccc3cc(S(=O)(=O)[O-])cc(S(=O)(=O)[O-])c3c2)n(C)c1,-0.569
CS(=O)(=O)OCCCCOS(C)(=O)=O,-0.26
CC(C)c1nc(N(C)S(C)(=O)=O)nc(-c2ccc(F)cc2)c1/C=C/C(O)C[C@H](O)CC(=O)O,0.23
COc1cc2c(N)nc(N3CCN(C(=O)OCC(C)(C)O)CC3)nc2c(OC)c1OC,-0.745
COc1cc(NCc2ccc3nc(N)nc(N)c3c2C)cc(OC)c1OC,-0.114
CC(=O)Nc1ccc(O)cc1,0.0
N[C@H](C(=O)O)[C@@H]1CC(Cl)=NO1,-0.301
CN1C(=O)NC(=O)C(C)(C2=CCCCC2)C1=O,0.0414
N=C1NC(=O)/C(=C/c2ccnc3ccccc23)S1,0.0414
CN(C)C(=O)Oc1cc(OC(=O)N(C)C)cc(C(O)CNC(C)(C)C)c1,0.204
CCN(CC)CCC[C@@H](C)Nc1c2ccc(Cl)cc2nc2ccc(OC)cc12,1.65
O=C(O)c1cn(C2CC2)c2cc(N3CCNCC3)c(F)cc2c1=O,0.322
O=C([O-])C1(C(=O)[O-])CCC1,-0.585
[2H]C([2H])([2H])C(=O)NC1C(N)CC(C(=O)O)=CC1OC(CC)CC,-0.432
O[C@H](CNC[C@@H](O)[C@H]1CCc2cc(F)ccc2O1)[C@@H]1CCc2cc(F)ccc2O1,1.04
O=C(OC1Cc2c(O)cc(O)c(C3c4c(O)cc(O)cc4OC(c4ccc(O)c(O)c4)C3OC(=O)c3cc(O)c(O)c(O)c3)c2OC1c1ccc(O)c(O)c1)c1cc(O)c(O)c(O)c1,-0.125
CCC(=O)N(c1ccccc1)C1(COC)CCN(CCc2cccs2)CC1,0.973
CCCC1OC2(C[C@H]3[C@@H]4CCC5=CC(=O)C=C[C@]5(C)[C@H]4[C@@H](O)C[C@]3(C)C2C(=O)CO)O1,0.591
CCCc1nc(C)c2c(=O)nc(-c3cc(S(=O)(=O)N4CCN(CC)CC4)ccc3OCC)[nH]n12,0.477
O=C(CCCCCCC(=O)Nc1ccccc1)NO,-0.301
CNC(C)[C@@H]1CC[C@@H](N)[C@@H](O[C@@H]2[C@@H](N)C[C@@H](N)[C@H](O[C@H]3OC[C@](C)(O)[C@H](NC)[C@H]3O)[C@H]2O)O1,-0.481
Cc1ncc([N+](=O)[O-])n1C(C)O,-0.398
O=C(O)C1=C/C(=N\Nc2ccc(O)c(C(=O)O)c2)C=CC1=O,-1.15
C[C@H](Cn1cnc2c(N)ncnc21)OCP(=O)(O)O,-0.0809
COCC(=O)Nc1c(I)c(C(N)=O)c(I)c(C(=O)NCC(O)CO)c1I,-0.658
O=C1c2ccccc2S(=O)(=O)N1CCCCNC[C@H]1CCc2ccccc2O1,-0.678
CCc1cccc2cc(C(O)CNC(C)(C)C)oc12,0.23
CC1=C(CO)C2=C(C)C3(CC3)[C@@](C)(O)C(=O)C2=C1,0.491
[2H]C([2H])([2H])n1nc(C(=O)N[C@@H]2C[C@@H]3CCC[C@H](C2)N3C)c2ccccc21,0.568
CC1(C)O[C@@H]2CC3[C@@H]4CCC5=CC(=O)C=C[C@]5(C)C4(F)[C@@H](O)C[C@]3(C)C2(C(=O)CO)O1,0.146
CC(C)(C)C(=O)OCOC(=O)C1N2C(=O)[C@@H](/N=C/N3CCCCCC3)[C@H]2SC1(C)C,-0.432
O=c1c(O)c(-c2ccc(O)c(O)c2)oc2cc(O)cc(O)c12,-0.921
Cc1ccccc1OCC(O)CNCCOc1ccc(C(N)=O)cc1,0.602
CCC1C(C)=NN=C(c2ccc(OC)c(OC)c2)c2cc(OC)c(OC)cc21,-0.921
CC(CC(c1ccccc1)c1ccccc1)NC(C)(C)C,0.708
COc1cc2c(c(OC)c1OC)-c1ccc(OC)c(=O)cc1[C@@H](C(C)=O)CC2,0.785
C#C[C@@]1(O)CCC2[C@@H]3CCC4=CC(=O)CC[C@@H]4C3CC[C@@]21CC,0.176
CCC1(O)C(=O)OCc2c1cc1n(c2=O)Cc2cc3c(CN(C)C)c(O)ccc3[nH+]c2-1,0.255
CN(C)[C@@H]1C(=O)/C(=C(\N)O)C(=O)[C@@]2(O)C(=O)C3=C(O)c4c(O)ccc(Cl)c4[C@@](C)(O)C3C[C@@H]12,-0.0458
N=C(N)N1CCCC(CNC(=O)C[C@H](NS(=O)(=O)c2ccc3ccccc3c2)C(=O)N(CC(=O)O)C2CC2)C1,-0.444
C[NH+]1CCN2c3[nH+]cccc3Cc3ccccc3[C@@H]2C1,0.623
CN(C)Cc1nnc2n1-c1ccc(Cl)cc1C(c1ccccc1)=NC2,-0.00877
CN(C)CCc1c[nH]c2ccc(Cn3cncn3)cc12,0.279
CN(C)CCCN1c2ccccc2CCc2ccc(Cl)cc21,2.15
CN(C)[C@@H]1C(=O)/C(=C(/O)NCN2CCCC2)C(=O)[C@@]2(O)C(=O)C3=C(O)c4c(O)cccc4[C@@](C)(O)C3C[C@@H]12,-0.268
Cn1nnc2c(C(N)=O)ncn2c1=O,-0.301
[2H]C([2H])([2H])C([2H])([2H])Cc1cc(=O)[nH]c(=S)[nH]1,-0.469
O=C([O-])O,-0.208
CC1(C)S[C@@H]2[C@H](NC(=O)C(C(=O)O)c3ccsc3)C(=O)N2[C@H]1C(=O)O,-0.796
CC(C)N1CCC(N(C(=O)Cc2ccccc2)c2ccc(Cl)cc2)CC1,0.82
CC(=O)OCC1=C(C(=O)[O-])N2C(=O)C(NC(=O)Cc3cccs3)C2SC1,-1.15
Clc1ccc2nsnc2c1NC1=NCCN1,0.38
CC(C)(C)NC(=O)[C@H]1CC[C@H]2[C@@H]3CC[C@H]4NC(=O)C=C[C@]4(C)[C@H]3CC[C@]12C,0.0414
Cc1nccn1CC1CCc2c(c3ccccc3n2C)C1=O,0.255
Cn1cc[nH]c1=S,-0.0655
[2H]c1c([2H])c([2H])c2c(=O)n(C3CCCN(C)CC3)nc(Cc3ccc(Cl)cc3)c2c1[2H],1.18
C[C@]12CC[C@@H]3c4ccc(OC(=O)N(CCCl)CCCl)cc4CC[C@H]3[C@@H]1CC[C@@H]2OP(=O)(O)O,-0.921
CO[C@H]1C[C@@H]2CC[C@@H](C)[C@@](O)(O2)C(=O)C(=O)N2CCCC[C@H]2C(=O)O[C@H]([C@H](C)C[C@@H]2CC[C@@H](OC(=O)C(C)(CO)CO)[C@H](OC)C2)CC(=O)[C@H](C)/C=C(\C)[C@@H](O)[C@@H](OC)C(=O)[C@H](C)C[C@H](C)/C=C/C=C/C=C/1C,0.477
CC[N+](C)(C)c1cccc(O)c1,0.0414
Cc1onc(-c2c(Cl)cccc2Cl)c1C(=O)NC1C(=O)N2C1SC(C)(C)C2C(=O)O,-0.959
Nc1ccn([C@@H]2CS[C@H](CO)O2)c(=O)n1,0.114
Cc1cc(C(=O)NS(=O)(=O)c2ccc(N)cc2)no1,-0.523
O=C(NC1CCN(CCc2c[nH]c3ccccc23)CC1)c1ccccc1,0.69
COc1cc(OC)c(C(=O)CCCN2CCCC2)c(OC)c1,0.114
Cn1c(=O)c2c(ncn2C)n(C)c1=O,-0.201
CC(C)n1c(C=CC(O)CC(O)CC(=O)[O-])c(-c2ccc(F)cc2)c2ccccc21,-0.377
O=P1(N(CCCl)CCCl)NCCCO1,-0.137
CCOC(=O)c1ncn2c1CN(C)C(=O)c1cc(F)ccc1-2,-0.0969
CC(=O)N[C@H](Cc1ccc2ccccc2c1)C(=O)N(C(=O)[C@@H]1CCCN1C(=O)[C@H](CCCNC(=N)N)NC(=O)[C@H](CC(C)C)NC(=O)[C@H](N)CCCNC(N)=O)[C@H](C)C(=O)N(C(=O)[C@H](Cc1ccc(O)cc1)NC(=O)[C@H](CO)NC(=O)[C@H](N)Cc1cccnc1)C(=O)[C@H](N)Cc1ccc(Cl)cc1,-0.409
C=C1N=C(CN2CCO[C@@H](O[C@@H](C)c3cc(C(F)(F)F)cc(C(F)(F)F)c3)[C@H]2c2ccc(F)cc2)NN1,-0.0269
O=C(O)CCCc1ccc(N(CCCl)CCCl)cc1,-0.585
C#C[C@]1(O)CCC2[C@@H]3CCc4cc(O)ccc4C3CC[C@@]21C,0.633
[2H]C1([2H])N(C(=O)C[C@@H](N)Cc2cc(F)c(F)cc2F)Cc2nnc(C(F)(F)F)n2C1([2H])[2H],0.447
CNC(=O)c1cccc2c(Nc3ccc(NS(C)(=O)=O)cc3OC)c3cccc(C)c3nc12,-0.523
CCN(CC)C(=O)/C(C#N)=C/c1cc(O)c(O)c([N+](=O)[O-])c1,-0.569
CC(C)(ON=C(C(=O)N[C@@H]1C(=O)N2C(C(=O)[O-])=C(C[n+]3ccccc3)CS[C@H]12)c1csc(N)n1)C(=O)O,-0.509
CCC(=O)NS(=O)(=O)c1ccc(-c2c(-c3ccccc3)noc2C)cc1,0.176
O=C(O)CCNC(=O)c1ccccc1,-0.553
CNCCC=C1c2ccccc2CCc2ccccc21,1.34
CC(=O)O[C@H]1CC2CCC3C(CC[C@@]4(C)C3C[C@H](N3CC[N+](C)(C)CC3)[C@@H]4OC(C)=O)[C@@]2(C)C[C@@H]1N1CC[N+](C)(C)CC1,-0.456
CC(C)(C)NCC(O)COc1ccc(NC(=O)NC2CCCCC2)cc1,0.519
Oc1ccc2c(c1)[C@@]13CCCC[C@@]1(O)[C@@H](C2)N(CC1CCC1)CC3,1.08
c1ccc(C2(N3CCCCC3)CCCCC2)cc1,0.839
CCCC(C)C1(CC)C(=O)N=C([O-])NC1=O,-0.041
Nc1nc(F)nc2c1ncn2[C@@H]1O[C@H](CO)C(O)C1O,0.342
CCOC(=O)C(=O)c1ccc(C(C)(C)C)cc1,-0.602
C[C@@H](O)[C@H]1C(=O)N2C(C(=O)[O-])=C(SCCOC(N)=O)S[C@H]12,-0.523
CN1C(=O)C(O)N=C(c2ccccc2Cl)c2cc(Cl)ccc21,0.204
CN1C(=O)C(O)C[C@H]1c1cccnc1,-0.0706
CCCC(C)CC1(CC)C(=O)N=C([S-])NC1=O,0.0792
CCOC(=O)C1(c2ccccc2)CCN(C)CC1,0.362
CSCO[C@H]1C[C@H]2OC[C@@]2(OC(C)=O)[C@H]2[C@H](OC(=O)c3ccccc3)[C@]3(O)C[C@H](OC(=O)[C@H](O)[C@@H](NC(=O)c4ccccc4)c4ccccc4)C(C)=C([C@@H](OC(C)=O)C(=O)[C@]12C)C3(C)C,1.04
COC(=O)C1=C(C)N(C)C(C)=C(C(=O)OC)C1c1cccc(C)c1[N+](=O)[O-],-0.102
CC1=NS(=O)(O)=c2cc(Cl)ccc2=N1,-0.678
COc1cc(C[C@H]2c3c(cc(OC)c(OC)c3OC)CC[N@+]2(C)CCCOC(=O)CCC(=O)OCCC[N@+]2(C)CCc3cc(OC)c(OC)c(OC)c3[C@H]2Cc2cc(OC)c(OC)c(OC)c2)cc(OC)c1OC,-0.658
CCCCCNC(=N)N/N=C/c1c[nH]c2ccc(OC)cc12,0.724
COc1cc2c(cc1O)CCN[C@]21CCS[C@@H]2c3c(OC(C)=O)c(C)c4c(c3[C@H](COC1=O)N1[C@@H](O)[C@@H]3Cc5cc(C)c(OC)c(O)c5[C@H]([C@H]21)N3C)OCO4,1.4
CN[C@@H](C)Cc1ccccc1,0.633
C=C[C@H]1C[NH+]2CC[C@@H]1C[C@@H]2[C@@H](O)c1ccnc2ccc(OC)cc12,0.462
CN/C(=N\C#N)NCC[S](C)c1[nH]cnc1C,0.0792
CCc1nc(N)nc(N)c1-c1ccc(Cl)cc1,-0.367
Nc1c(CC(=O)O)cccc1C(=O)c1ccc(Br)cc1,-0.959
O=P(O)(O)C(O)(Cc1cccnc1)P(=O)(O)O,0.799
CC[C@H]1OC(=O)[C@H](C)[C@@H](O[C@H]2C[C@@](C)(OC)[C@@H](O)[C@H](C)O2)[C@H](C)[C@@H](O[C@@H]2O[C@H](C)C[C@H](N(C)C)[C@H]2O)[C@](C)(O)C[C@@H](C)CN(C)[C@H](C)[C@@H](O)[C@]1(C)O,1.52
CC1CCCC(C)N1CCCC(O)(c1ccccc1)c1ccccn1,0.146
O=C1CN=C(c2ccccn2)c2cc(Br)ccc2N1,-0.0706
CCC1(c2ccccc2)C(=O)NC(=O)NC1=O,-0.268
CNS(=O)(=O)CCc1ccc2[nH]ccc2c1,0.38
CC(C)(C)NC(=O)[C@@H]1C[C@@H]2CCCC[C@@H]2CN1C[C@@H](O)[C@H](Cc1ccccc1)NC(=O)[C@H](CC(N)=O)NC(=O)c1ccc2ccccc2n1,0.556
C=CCN1CCCC1CNC(=O)c1cc2nn[nH]c2cc1OC,0.204
C#C[C@]1(O)C=C[C@H]2[C@@H]3CCC4=CC(=O)CC[C@@H]4[C@H]3CC[C@@]21CC,-0.337
O=C(O)P(=O)(O)O,-0.301
CCN1C[C@@H]2CN(C)C[C@H](C1)C2OC(=O)c1ccc(Cl)cc1,0.954
Cn1c(=O)c2c(ncn2C[C@H](O)CO)n(C)c1=O,-0.377
N=C(N)c1ccc(C(=O)N[C@@H](Cc2ccc(O)cc2)C(=O)N2CCC(OCC(=O)O)CC2)cc1,-0.538
CC(=O)CCCCn1c(=O)c2c(ncn2C)n(C)c1=O,0.255
CCC1=CC2CN(CCc3c([nH]c4ccccc34)[C@@](C(=O)OC)(c3cc4c(cc3OC)N(C)C3[C@@](O)(C(=O)OC)[C@H](OC(C)=O)[C@]5(CC)C=CCN6CC[C@]43[C@@H]65)C2)C1,1.08
NCCCNc1ccc2c(CNCCO)nn3c4c(O)ccc(O)c4c(=O)c1c23,1.08
CC[C@]1(O)C[C@H]2CN(CCc3c([nH]c4ccccc34)[C@@](C(=O)OC)(c3cc4c(cc3OC)N(C=O)[C@H]3[C@@](O)(C(=O)OC)[C@H](OC(C)=O)[C@]5(CC)C=CCN6CC[C@]43[C@@H]65)C2)C1,0.38
CN(C)CCCN1c2ccccc2Sc2ccccc21,0.908
Cc1cnc(C(=O)NCCc2ccc(S(=O)(=O)NC(=O)NC3CCCCC3)cc2)cn1,-0.796
N=C(N)c1ccc(OCCCCCOc2ccc(C(=N)N)cc2)cc1,1.72
CC(C)Cc1ccc([C@@H](C)C(=O)[O-])cc1,-0.824
NCC1OC(OC2CCC(N)C(OC3OC(CO)C(O)C(N)C3O)C2O)C(N)CC1O,-0.638
CC(Cl)C(N)=O,-0.721
COCCc1ccc(OCC(O)CNC(C)C)cc1,0.491
CCC(CO)NCCNC(CC)CO,0.23
C/C=C\C1=C(C(=O)O)N2C(=O)[C@@H](NC(=O)[C@H](N)c3ccc(O)cc3)[C@H]2SC1,-0.678
CC(C)NCC(O)COc1cccc2[nH]ccc12,0.0792
NCCC(O)C(=O)N[C@@H]1C[C@H](N)C(O[C@H]2O[C@H](CN)[C@H](O)[C@H](O)[C@H]2O)[C@@H](O)[C@@H]1O[C@H]1OC(CO)[C@@H](O)[C@H](N)[C@H]1O,-0.796
O=C1CC[C@@]2(O)[C@H]3Cc4ccc(O)c5c4[C@@]2(CCN3CC2CC2)[C@H]1O5,0.881
CN(C)C1C(=O)C(C(N)=O)=C(O)C2(O)C(=O)C3=C(O)c4c(O)cccc4C(C)(O)C3CC12,0.0792
CN[C@H](CC(C)C)C(=O)NC1C(=O)N[C@@H](CC(N)=O)C(=O)NC2C(=O)NC3C(=O)NC(C(=O)N[C@@H](C(=O)O)c4cc(O)cc(O)c4-c4cc3ccc4O)[C@H](O)c3ccc(c(Cl)c3)Oc3cc2cc(c3O[C@@H]2O[C@H](CO)[C@@H](O)[C@H](O)[C@H]2O[C@H]2C[C@](C)(N)[C@H](O)[C@H](C)O2)Oc2ccc(cc2Cl)[C@H]1O,-0.268
C[C@]12C[C@H](O)[C@H]3[C@@H](CCC4=CC(=O)C=C[C@@]43C)[C@@H]1CC[C@]2(O)C(=O)CO,-0.0655
CC(=O)NC[C@H]1CN(c2ccc(N3CCOCC3)c(F)c2)C(=O)O1,-0.237
O=S(=O)(O)CCCN1CCN(CCO)CC1,0.462
CC(=O)C[C@H](c1ccccc1)c1c(O)c2ccccc2oc1=O,-0.886
NC[C@H]1CC[C@H](C(=O)O)CC1,-0.42
CN(C)N=Nc1ccc(C(=O)O)cc1,-0.602
[2H]C1([2H])C(Oc2cc(C3(C#N)CCC(C(=O)O)CC3)ccc2OC)C([2H])([2H])C([2H])([2H])C1([2H])[2H],-0.638
O=NN(CCCl)C(=O)NCCCl,0.0792
O=C1CN(/N=C\c2ccc([N+](=O)[O-])o2)C(=O)N1,-0.244
CCCCc1oc2ccccc2c1-c1c(C(=O)c2cc(I)c(OCCN(CC)CC)c(I)c2-c2c(CCCC)oc3ccccc23)cc(I)c(OCCN(CC)CC)c1I,1.78
CC(C)(C)[C@@]1(O)C[C@H]2OC(=O)C[C@]23C(=O)O[C@H]2OC(=O)[C@@H](O)[C@@]213,0.398
Cc1nnc2n1-c1ccc(Cl)cc1C(c1ccccc1Cl)=NC2,-0.237
CN1CCN(C(=O)OC2c3nccnc3C(=O)N2c2ccc(Cl)cn2)CC1,0.114
CC(O)C1C(=O)N2C(C(=O)O)=C(SC3CNC(CNS(N)(=O)=O)C3)C(C)C12,-0.824
COc1ccc(C)cc1N1CCN(CCCNc2cc(=O)n(C)c(=O)n2C)CC1,-0.125
CO[C@@H]1[C@@H](O[C@@H]2O[C@H](C)[C@@H](O[C@H]3C[C@@](C)(O)[C@@H](OC(=O)CC(C)C)[C@H](C)O3)[C@H](N(C)C)[C@H]2O)[C@@H](CC=O)C[C@@H](C)[C@@H](O)/C=C/C=C/C[C@@H](C)OC(=O)C[C@H]1OC(C)=O,-0.77
CN1[C@H]2CC[C@@H]1C[C@H](OC(=O)c1c[nH]c3ccccc13)C2,0.987
C[C@@H]1C(=O)O[C@H]2[C@H](O)C34[C@H]5C[C@@H](C(C)(C)C)C36C(OC(=O)[C@@H]6O)O[C@]4(C(=O)O5)[C@@]12O,-0.041
CN(C)C(=N)NC(=N)N,-0.194
C=CC[N@@+]12CC[C@@]34c5ccccc5N5C=C6[C@H]7C[C@H]8[C@@]9(CC[N@@+]8(CC=C)C/C7=C/CO)c7ccccc7N(C=C([C@@H](C[C@@H]31)/C(=C\CO)C2)[C@H]54)[C@@H]69,-0.495
CC(C)NCC(O)COc1ccc(CC(N)=O)cc1,-0.0223
COc1cc([C@@H]2c3cc4c(cc3[C@@H](O[C@@H]3O[C@@H]5COC(c6cccs6)O[C@H]5[C@H](O)[C@H]3O)[C@H]3COC(=O)[C@H]23)OCO4)cc(OC)c1O,-0.387
CNCCCN1c2ccccc2CCc2ccccc21,1.18
OCCN1CCN(CCCN2c3ccccc3Sc3ccc(Cl)cc32)CC1,1.26
CC(C)(C)NCC(O)COc1cccc2c1CC(O)C(O)C2,0.279
COc1cc2nc(N(C)CCCNC(=O)C3CCCO3)nc(N)c2cc1OC,0.176
CCCCc1ncc(C=C(Cc2cccs2)C(=O)O)n1Cc1ccc(C(=O)O)cc1,-0.77
O=C1CCC2CCCCC2C1,-0.77
C[C@]12CC(=O)[C@@H]3[C@@H](CCC4=CC(=O)C=C[C@@]43C)[C@@H]1CC[C@@]2(O)C(=O)CO,-0.244
CCN(CC)CCNC(=O)c1cc(Br)c(N)cc1OC,0.491
NC[C@H]1O[C@H](O[C@@H]2[C@@H](N)C[C@@H](N)C(O)[C@H]2O[C@@H]2O[C@H](CO)[C@@H](O)[C@H]2O)[C@H](N)[C@@H](O)[C@@H]1O,-0.602
CN[C@H]1C(=O)N[C@@H]2Cc3ccc(cc3)Oc3cc4cc(c3O[C@@H]3O[C@H](C(=O)O)[C@@H](O)[C@H](O)[C@H]3NC(=O)CCCCCCCCC(C)C)Oc3ccc(cc3Cl)[C@@H](O)[C@@H]3NC(=O)[C@H](NC(=O)[C@@H]4NC(=O)[C@@H](NC2=O)c2cc(cc(O)c2Cl)Oc2ccc1cc2O)c1ccc(O)c(c1)-c1c(O[C@H]2O[C@H](CO)[C@@H](O)[C@H](O)[C@@H]2O)cc(O)cc1[C@@H](C(=O)NCCCN(C)C)NC3=O,-0.854
O=C(O)C1N=C(c2ccccc2)c2cc(Cl)ccc2NC1(O)O,-0.699
COc1cccc2c1C(=O)c1c(O)c3c(c(O)c1C2=O)CC(O)(C(=O)CO)CC3OC1CC(N)C(O)C(C)O1,1.34
CC1(C)C(/C=C\C=C\C=C/C=C2\N(CCCCS(=O)(=O)[O-])c3c(ccc4ccccc34)C2(C)C)=[N+](CCCCS(=O)(=O)[O-])c2c1ccc1ccccc21,-1.46
CC1(C)C[C@@H]1C(=O)N/C(=C\CCCCSC[C@H](N)C(=O)O)C(=O)O,-0.824
CO/N=C(\C(=O)N[C@@H]1C(=O)N2C(C(=O)[O-])=C(C[N+]3(C)CCCC3)CS[C@H]12)c1csc(N)n1,-0.553
CC(C)(C)NC(=O)[C@@H]1CN(Cc2cccnc2)CCN1C[C@@H](O)C[C@@H](Cc1ccccc1)C(=O)N[C@H]1c2ccccc2C[C@H]1O,-0.0862
CNC(=O)c1c(I)c(NC(C)=O)c(I)c(C(=O)O)c1I,-0.77
O=C(O)Cn1c(=O)c(=O)[nH]c2cc([N+](=O)[O-])c(-n3ccnc3)cc21,-0.721
CC(=O)N1CCN(c2ccc(OC[C@H]3CO[C@](Cn4ccnc4)(c4ccc(Cl)cc4Cl)O3)cc2)CC1,-0.854
Clc1cccc(Cl)c1NC1=NCCN1,0.519
NC(=O)OC[C@@H]1[C@H](NC(=O)/C(=N\OCC(=O)O)c2csc(N)n2)C(=O)N1S(=O)(=O)O,-0.745
CCNCC(O)c1cccc(O)c1,0.322
[2H]C([2H])(N)C([2H])([2H])OCC1=C(C(=O)OCC)C(c2ccccc2Cl)C(C(=O)OC)=C(C)N1,1.23
Cc1cccc(C)c1NC(=O)C(C)N,0.255
C/C(=C\c1csc(C)n1)[C@@H]1C[C@@H]2O[C@]2(C)CCC[C@@H](C)[C@H](O)[C@@H](C)C(=O)C(C)(C)[C@@H](O)CC(=O)N1,1.04
CCC1=C(C)CN(C(=O)NCCc2ccc(S(=O)(=O)NC(=O)N[C@H]3CC[C@H](C)CC3)cc2)C1=O,-0.721
CCCC(=O)Nc1ccc(OCC(O)CNC(C)C)c(C(C)=O)c1,0.23
COC1(NC(=O)CSCC#N)C(=O)N2C(C(=O)O)=C(CSc3nnnn3C)CSC21,-0.886
CCC(=O)O[C@]1(C(=O)SCF)[C@H](C)C[C@H]2C3C[C@H](F)C4=CC(=O)C=C[C@]4(C)[C@@]3(F)[C@@H](O)C[C@@]21C,0.556
Fc1ccc([C@@H]2CCNC[C@H]2COc2ccc3c(c2)OCO3)cc1,1.26
CCCC(=O)OCN1C(C)=C(C(=O)[O-])C(c2cccc(Cl)c2Cl)C(C(=O)OC)=C1C,-0.237
C[C@H]([C@](O)(Cn1cncn1)c1ccc(F)cc1F)S(C)(=O)=O,-0.208
COC(=O)[C@H]1[C@@H](OC(=O)c2ccccc2)C[C@@H]2CC[C@H]1N2C,0.301
CN1CCOC(c2ccccc2)c2ccccc2C1,0.748
S=P(N1CC1)(N1CC1)N1CC1,0.204
CC#CCC(C)[C@H](O)/C=C/[C@@H]1[C@H]2C/C(=C/CCCC(=O)O)C[C@H]2C[C@H]1O,-0.432
C=CCC1(C(C)C#CCC)C(=O)NC(=O)N(C)C1=O,0.0414
NC[C@@H]1CC[C@@H](N)[C@@H](O[C@@H]2[C@@H](N)C[C@@H](N)[C@H](O[C@H]3O[C@H](CO)[C@@H](O)[C@H](N)[C@H]3O)[C@H]2O)O1,-0.886
CCC(C)(C)NCC(O)COc1ccccc1C(=O)CCc1ccccc1,0.0792
CC[C@H]1OC(=O)[C@H](C)[C@H](O[C@H]2C[C@@](C)(OC)[C@H](O)[C@H](C)O2)[C@H](C)[C@H](O[C@H]2O[C@@H](C)C[C@@H](N(C)C)[C@@H]2O)[C@@](C)(O)C[C@@H](C)C(=O)[C@H](C)[C@H](O)[C@@]1(C)O,-0.0223
Nc1nc(=O)c2c([nH]1)NCC(CNc1ccc(C(=O)N[C@@H](CCC(=O)[O-])C(=O)[O-])cc1)N2C=O,-0.602
O=C1OC2(c3ccc(O)cc3Oc3cc(O)ccc32)c2ccccc21,-0.854
CC(=N)N1CC[C@H](SC2=C(C(=O)O)N3C(=O)[C@H]([C@@H](C)O)[C@H]3C2)C1,-0.721
C[C@H]1O[C@@H](O[C@H]2[C@@H](O)C[C@H](O[C@H]3[C@@H](O)C[C@H](O[C@H]4CC[C@]5(C)[C@H]6C[C@@H](O)[C@]7(C)[C@@H](C8=CC(=O)OC8)CC[C@]7(O)[C@@H]6CC[C@@H]5C4)O[C@@H]3C)O[C@@H]2C)C[C@H](O)[C@@H]1O,0.613
COc1cccc2c1C(=O)c1c(O)c3c(c(O)c1C2=O)C[C@@](O)(C(C)=O)C[C@@H]3O[C@H]1C[C@H](N)[C@H](O)[C@H](C)O1,-0.0223
COc1ccc2c3c1O[C@H]1C[C@@H](O)C=C[C@@]31CCN(C)C2,0.362
CC(C)c1cccc(O)c1C(C)C,0.672
O[C@](CCN1CCCCC1)(c1ccccc1)C1CC2C=CC1C2,1.08
CN[C@@H]1C[C@@H]2O[C@@](C)([C@@H]1OC)n1c3ccccc3c3c4c(c5c6ccccc6n2c5c31)C(=O)N[C@@H]4O,-0.824
Cc1cnc(NCCCN(C)C)c2c1[nH]c1ccc3cc(O)ccc3c12,1.04
O=c1cnc(-c2ccccc2Cl)c2cc(Cl)ccc2n1,0.342
CCN[C@@H](C)Cc1cccc(C(F)(F)F)c1,1.04
CC[C@@]1(O)CN2CC[C@H]1C[C@@H]2[C@@H](O)c1ccnc2ccc(OC)cc12,0.833
CCC(=O)OC(Cc1ccccc1)(c1ccccc1)C(C)CN(C)C,1.08
Cc1onc(-c2c(F)cccc2Cl)c1C(=O)N[C@@H]1C(=O)N2[C@@H](C(=O)O)C(C)(C)S[C@H]12,-0.721
COc1ccc(CCNCC(O)COc2cccc(C)c2)cc1OC,-0.174
CCCCCCCCCC(=O)N[C@@H](Cc1c[nH]c2ccccc12)C(=O)N[C@H](CC(N)=O)C(=O)N[C@@H](CC(=O)O)C(=O)N[C@]1(C)C(=O)NCC(=O)N[C@@H](CCCN)C(=O)N[C@H](CC(=O)O)C(=O)N[C@H](C)C(=O)N[C@@H](CC(=O)O)C(=O)NCC(=O)N[C@@H](CO)C(=O)N[C@@H]([C@H](C)CC(=O)O)C(=O)N[C@H](CC(=O)c2ccccc2N)C(=O)O[C@@H]1C,-1.06
COc1nc(C)nc(Cl)c1NC1=NCCN1,0.255
CC(=O)C1(O)Cc2c(O)c3c(c(O)c2C(OC2CC(N)C(O)C(C)O2)C1)C(=O)c1ccccc1C3=O,1.58
COc1cc2nc(N3CCN(C(=O)C4COc5ccccc5O4)CC3)nc(N)c2cc1OC,0.114
NCCCC[C@H](N[C@@H](CCc1ccccc1)C(=O)O)C(=O)N1CCC[C@H]1C(=O)O,-0.0506
O=[N+]([O-])O[C@@H]1CO[C@@H]2[C@@H](O)CO[C@H]12,-0.155
COc1ccc(CCN(C)CCCC(C#N)(c2ccc(OC)c(OC)c2)C(C)C)cc1OC,0.568
O=C1CCNC(=O)C1,0.0414
CCC(C)CC(C)CCCCCCCCC(=O)N[C@H]1C[C@@H](O)[C@H](NCCN)NC(=O)[C@@H]2[C@@H](O)CCN2C(=O)[C@H]([C@@H](O)CCN)NC(=O)[C@H]([C@H](O)[C@@H](O)c2ccc(O)cc2)NC(=O)[C@@H]2C[C@@H](O)CN2C(=O)[C@H]([C@@H](C)O)NC1=O,-0.886
O=[N+]([O-])O[C@H]1CO[C@H]2[C@@H]1OC[C@H]2O[N+](=O)[O-],0.279
CCN1CCN(C(=O)N[C@@H](C(=O)N[C@@H]2C(=O)N3C2SC(C)(C)C3C(=O)O)c2ccccc2)C(=O)C1=O,-0.569
Cc1cc(N/C(O)=C2/C(=O)c3ccccc3S(=O)(=O)N2C)no1,-0.721
CCN1CCN(C(=O)NC(C(=O)N[C@H]2C(=O)N3C(C(=O)O)=C(CSc4nnnn4C)CS[C@@H]23)c2ccc(O)cc2)C(=O)C1=O,-0.77
Cc1nc2c([nH]1)-c1ccccc1N(C(=O)c1ccc(NC(=O)c3ccccc3-c3ccccc3)cc1)CC2,-0.119
C[C@@H]1CC(=O)NN=C1c1ccc(NN=C(C#N)C#N)cc1,-0.62
C[C@@H](O)[C@H]1C(=O)N2C(C(=O)O)=C(SCCNC=N)C[C@H]12,-0.62
CCCC(C)(COC(N)=O)COC(N)=O,-0.155
O=C(O)C(Cl)Cl,-0.721
CN(C)CCCN1c2ccccc2CCc2ccccc21,1.08
C[C@H]1O[C@@H](O[C@H]2[C@@H](O)C[C@H](O[C@H]3[C@@H](O)C[C@H](O[C@H]4CC[C@]5(C)[C@H]6CC[C@]7(C)[C@@H](C8=CC(=O)OC8)CC[C@]7(O)[C@@H]6CC[C@@H]5C4)O[C@@H]3C)O[C@@H]2C)C[C@H](O)[C@@H]1O,-0.357
CCC(=O)N(c1ccccc1)C1(COC)CCN(CCn2nnn(CC)c2=O)CC1,-0.347
COc1ccc2c(c1)Sc1ccccc1N2CC(C)CN(C)C,1.08
CCOC(=O)C1(c2ccccc2)CCC=C[C@H]1N(C)C,0.602
N=C(N)NCCC[C@H](NC(=O)[C@@H]1CCCN1C(=O)[C@@H]1CSSCCC(=O)N[C@@H](Cc2ccc(O)cc2)C(=O)N[C@@H](Cc2ccccc2)C(=O)N[C@@H](CCC(N)=O)C(=O)N[C@@H](CC(N)=O)C(=O)N1)C(=O)NCC(N)=O,-0.523
CN(Cc1cnc2nc(N)nc(N)c2n1)c1ccc(C(=O)N[C@@H](CCC(=O)O)C(=O)O)cc1,-0.367
COc1ccc([C@H]2Sc3ccccc3N(CCN(C)C)C(=O)[C@H]2OC(C)=O)cc1,0.613
NC(CCCCNC(=O)[C@@H](Cc1cc(Br)c(O)c(Br)c1)NC(=O)N1CCC(N2Cc3ccccc3NC2=O)CC1)C(=O)N1CCN(c2ccncc2)CC1,-0.509
CN1CC[C@]23c4c5ccc(O)c4O[C@H]2[C@@H](O)C=C[C@H]3[C@H]1C5,0.362
CCN1CCC[C@H]1CNC(=O)c1c(OC)ccc(Br)c1OC,-0.187
Cc1nnc(SCC2=C(C(=O)O)N3C(=O)C(NC(=O)Cn4cnnn4)C3SC2)s1,-0.921
O=C1CCCOc2ccc(Br)cc21,-0.0809
COC(=O)C(c1ccccc1)C1CCCCN1,0.342
C[C@H](N[C@@H](CCc1ccccc1)C(=O)O)C(=O)N1Cc2ccccc2C[C@H]1C(=O)O,-0.886
CCCCNc1cc(C(=O)O)cc(S(N)(=O)=O)c1Oc1ccccc1,-0.796
CCOC(=O)[C@@]1(c2ccccc2)CCC=C[C@@H]1NC,0.398
Cn1c(=O)c2[nH]cnc2n(C)c1=O,-0.292
CC1CN(c2c(F)c(N)c3c(=O)c(C(=O)O)cn(C4CC4)c3c2F)C[C@H](C)N1,0.591
CCC(CC)COC(C(=O)OCCN(C)C)(c1ccccc1)c1ccccc1,0.851
C#CCN(C)C(C)Cc1ccccc1,0.279
COc1ccc2c3c1OC1C(=O)CCC4(O)C(C2)N(C)CCC314,0.398
C[N@@H+]1CCc2cccc3c2[C@H]1Cc1ccc(O)c(O)c1-3,0.204
CC/C=C\C/C=C\C/C=C\C/C=C\C/C=C\C/C=C\CCC(=O)O[C@@H](C(=O)O[C@H]1C[C@@]2(O)[C@@H](OC(=O)c3ccccc3)[C@H]3[C@](C)(C(=O)[C@H](OC(C)=O)C(=C1C)C2(C)C)[C@@H](O)C[C@H]1OC[C@]13OC(C)=O)[C@@H](NC(=O)c1ccccc1)c1ccccc1,-1.17
C[C@H]1C[C@H]2[C@@H]3CC[C@](O)(C(=O)CO)[C@@]3(C)C[C@H](O)[C@@H]2[C@@]2(C)C=CC(=O)C=C12,0.0792
CN(C)CC[C@H](c1ccc(Cl)cc1)c1ccccn1,0.519
CN(C)CCc1c[nH]c2ccc(C[C@H]3COC(=O)N3)cc12,0.255
OCCN1CC(O)C(O)[C@@H](O)C1CO,-0.553
O=C(NCC(O)CO)c1c(I)c(C(=O)NCC(O)CO)c(I)c(C(=O)NCC(O)CO)c1I,-0.796
C[C@H]1COc2c(N3CCN(C)CC3)c(F)cc3c(=O)c(C(=O)O)cn1c23,0.0792
COc1c(N2C[C@@H]3CCCN[C@@H]3C2)c(F)cc2c(=O)c(C(=O)O)cn(C3CC3)c12,0.146
C#C[C@]1(OS(=O)(=O)O)CC[C@H]2[C@@H]3CCc4cc(O)ccc4[C@H]3CC[C@@]21C,-0.215
Cc1ccc(-c2nc3ccc(C)cn3c2CC(=O)N(C)C)cc1,-0.268
CCC(=O)OCC(=O)[C@@]1(OC(=O)CC)[C@@H](C)C[C@H]2[C@@H]3CCC4=CC(=O)C=C[C@]4(C)[C@]3(Cl)[C@@H](O)C[C@@]21C,-0.538
Cc1cccc(N2CC(CO)OC2=O)c1,0.176
NNOC(=O)c1ccncc1,-0.0862
CCCn1c(=O)[nH]c(=O)c2nc[nH]c21,-0.201
NCCCCCC(=O)O,-0.409
CN(C)CCc1c[nH]c2ccc(CS(=O)(=O)N3CCCC3)cc12,0.342
O=C(Cc1cccs1)N[C@@H]1C(=O)N2C(C(=O)[O-])=C(C[n+]3ccccc3)CS[C@H]12,-0.337
CCC1=CC2CN(C1)Cc1c([nH]c3ccccc13)[C@@](C(=O)OC)(c1cc3c(cc1OC)N(C)[C@H]1[C@@](O)(C(=O)OC)[C@H](OC(C)=O)[C@]4(CC)C=CCN5CC[C@]31[C@@H]54)C2,1.36
Nc1n[n+]([O-])c2ccccc2[n+]1[O-],-0.252
CCOC(=O)C(N)C(=O)OCC,0.114
CCCCCc1cc(O)c2c(c1)OC(C)(C)[C@@H]1CCC(C)=C[C@@H]21,0.949
Nc1nc2c(ncn2COC(CO)CO)c(=O)[nH]1,0.0
CCN(CC)CCS(=O)(=O)[C@@H]1CCN2C(=O)c3coc(n3)CC(=O)C[C@H](O)/C=C(C)/C=C/CNC(=O)/C=C/[C@@H](C)[C@@H](C(C)C)OC(=O)[C@@H]12,-0.409
CN1C[C@H](C(=O)N[C@]2(C)O[C@@]3(O)[C@@H]4CCCN4C(=O)[C@H](Cc4ccccc4)N3C2=O)C=C2c3cccc4[nH]cc(c34)C[C@H]21,0.556
COC(=O)C1=C(C)NC(C)=C(C(=O)OC(C)C)C1c1cccc2nonc12,0.176
CC(=O)CC(=O)Nc1ccc(-c2ccccc2)cc1,-0.398
C[C@@H](O)[C@H]1C(=O)N2C(C(=O)O)=C(S[C@H]3C[C@@H](C(=O)N4CCC[C@@H]4NC(=O)CNC(=N)N)N(C)C3)[C@H](C)[C@H]12,-0.638
CCN1CC(CCN2CCOCC2)C(c2ccccc2)(c2ccccc2)C1=O,0.0792
CCOc1ccc(/C=C2\NCCc3cc(OCC)c(OCC)cc32)cc1OCC,0.279
COC(=O)O[C@@]12CO[C@@H]1C[C@H](O)[C@@]1(C)C(=O)[C@H](OC(C)=O)C3=C(C)[C@@H](OC(=O)[C@H](O)[C@@H](NC(=O)c4ccccc4)c4ccccc4)C[C@@](O)([C@@H](OC(=O)c4ccccc4)[C@@H]12)C3(C)C,0.839
CCCCC(=O)N(Cc1ccc(-c2ccccc2-c2nnn[nH]2)cc1)[C@H](C(=O)O)C(C)C,-0.658
COc1ccc2c3c1O[C@H]1[C@@H](O)C=C[C@H]4[C@@H](C2)N(C)CC[C@]314,0.544
O=P(O)(O)C(O)(Cn1ccnc1)P(=O)(O)O,-0.222
COCc1c(C(C)C)nc(C(C)C)c(/C=C/C2CC(O)CC(=O)O2)c1-c1ccc(F)cc1,-0.481
[2H]C1([2H])N(C)C([2H])([2H])C([2H])([2H])N(C2=Nc3cc(Cl)ccc3Nc3ccccc32)C1([2H])[2H],0.204
CN(C)c1ccc(O)c2c1C[C@H]1C[C@H]3[C@H](N(C)C)C(=O)/C(=C(/N)O)C(=O)[C@@]3(O)C(=O)C1=C2O,0.204
CC(=O)c1cc[nH]c1C(N)=O,-0.432
CC1(C)S[C@H]2[C@@H](NC(=O)[C@@H](N)c3ccccc3)C(=O)N2[C@@H]1C(=O)O,-0.658
COC(=O)C[C@@H](CC(=O)C=P(c1ccccc1)(c1ccccc1)c1ccccc1)O[Si](C)(C)C(C)(C)C,0.681
c1ccc(C2(c3ccccc3)CC2C2=NCCN2)cc1,0.613
NC1=NC(=O)C([C@H]2CO[C@H](CO)O2)C=N1,0.0
[2H]C([2H])([2H])OC(=O)C1=C(C)NC(C)=C(C(=O)OC([2H])([2H])[2H])C1c1cccc(Cl)c1Cl,0.643
CN1CC[C@]23c4c5ccc(O)c4O[C@@H]2[C@H](O[C@@H]2O[C@H](C(=O)O)[C@@H](O)[C@H](O)[C@H]2O)C=C[C@H]3[C@H]1C5,-0.921
Nc1ccc([S+](=O)([O-])Nc2ncccn2)cc1,-0.538
Cc1cccc(C)c1NC(=O)C1CCCCN1C,-0.0223
NS(=O)(=O)c1cc2c(cc1C(F)(F)F)NCNS2(=O)=O,0.342
CC(=O)OCC1=C(C(=O)O)N2C(=O)C(NC(=O)CSc3ccncc3)C2SC1,-0.886
CCN(CC)CCNC(=O)c1ccc(NS(C)(=O)=O)cc1,-0.0862
CCCC1C(=O)N2C(N(C)C)=Nc3ccc(C)cc3N2C1=O,-0.921
CCC[C@@H]1CC(C(=O)N[C@H]([C@@H](C)O)[C@H]2O[C@H](SC)[C@H](O)[C@@H](O)[C@H]2O)N(C)C1,0.0
CC(=O)NC1C(NC(=N)N)C=C(C(=O)O)OC1C(O)C(O)CO,-0.638
CO[C@@]1(NC(=O)[C@H](C(=O)O)c2ccc(O)cc2)C(=O)N2C(C(=O)O)=C(CSc3nnnn3C)CO[C@@H]21,-0.77
CCOc1ccccc1O[C@@H](c1ccccc1)[C@@H]1CNCCO1,-0.187
CNC1C(O)C(OC2C(NC(=O)C(O)CN)CC(N)C(O)C2O)OCC1(C)OC1OC(CN)C(O)C(O)C1O,-0.495
O=c1[nH]cc(F)c(=O)[nH]1,-0.638
CC[C@]1(O)C[C@H]2CN(CCC3C(=Nc4ccccc43)[C@@](C(=O)OC)(c3cc4c(cc3OC)N(C)[C@H]3[C@@](O)(C(N)=O)[C@H](O)[C@]5(CC)C=CCN6CC[C@]43[C@@H]65)C2)C1,0.699
CCO[C@@H](Cc1ccc(OCCc2ccc(OS(C)(=O)=O)cc2)cc1)C(=O)O,-0.886
COc1ccc(C(CN(C)C)C2(O)CCCCC2)cc1,0.643
O=C(NCCN1CCOCC1)c1ccc(Cl)cc1,0.0414
CCN[C@@H]1C[C@H](N)[C@@H](O[C@H]2OC(CN)=CC[C@H]2N)[C@H](O)[C@H]1O[C@H]1OC[C@](C)(O)[C@H](NC)[C@H]1O,-1.14
Cc1ccc(C(=O)Nc2ccc(S(=O)(=O)O)c3cc(S(=O)(=O)O)cc(S(=O)(=O)O)c23)cc1NC(=O)c1cccc(NC(=O)Nc2cccc(C(=O)Nc3cc(C(=O)Nc4ccc(S(=O)(=O)O)c5cc(S(=O)(=O)O)cc(S(=O)(=O)O)c45)ccc3C)c2)c1,-0.268
CN(C)CCNc1ccc2c3c(nn2CCNCCO)-c2cnccc2C(=O)c13,1.76
C=CC[N+]1([C@H]2C[C@H]3[C@@H]4CC[C@H]5C[C@H](O)[C@@H](N6CCOCC6)C[C@]5(C)[C@H]4CC[C@]3(C)[C@H]2OC(C)=O)CCCC1,-0.678
Nc1ccn([C@@H]2O[C@H](CO)[C@@H](O)C2(F)F)c(=O)n1,0.176
CN(C)CCC[N+]1([O-])c2ccccc2CCc2ccccc21,0.279
NNc1nncc2ccccc12,0.176
COc1ccccc1OCCNCC(O)COc1cccc2[nH]c3ccccc3c12,0.114
CN1CCC23c4c5ccc(O)c4OC2C(=O)CCC3C1C5,0.633
C=CC1=C(C(=O)O)N2C(=O)[C@@H](NC(=O)C(=NOCC(=O)O)c3csc(N)n3)[C@H]2SC1,-0.62
CC[C@H]1OC(=O)[C@H](C)[C@@H](O[C@H]2C[C@@](C)(OC)[C@@H](O)[C@H](C)O2)[C@H](C)[C@@H](O[C@@H]2O[C@H](C)C[C@H](N(C)C)[C@H]2O)[C@](C)(OC)C[C@@H](C)C(=O)[C@H](C)[C@@H](O)[C@]1(C)O,0.176
CC(=O)N[C@@H](CS)C(=O)[O-],-0.26
C[C@H](NCc1ccccc1)c1ccccc1,0.591
