std_smiles,std_relation,VDss (L/kg),inchi_key
CN1C(=O)CC[C@H]1c1cccnc1,=,1.1,UIKROCXWUNQSPJ-VIFPVBQESA-N
CC1(C)S[C@@H]2[C@H](NC(=O)[C@H](N)c3ccc(O)cc3)C(=O)N2[C@H]1C(=O)O,=,0.25,LSQZJLSUYDQPKJ-NJBDSQKTSA-N
CC1(C)S[C@@H]2[C@H](NC(=O)C(C(=O)O)c3ccccc3)C(=O)N2[C@H]1C(=O)O,=,0.17,FPPNZSSZRUTDAP-UWFZAAFLSA-N
CO/N=C(\C(=O)N[C@@H]1C(=O)N2C(C(=O)O)=C(C)CS[C@H]12)c1csc(N)n1,=,0.28,MQLRYUCJDNBWMV-GHXIOONMSA-N
N/N=c1/cc2c(n[nH]1)CCN(C(=O)c1ccccc1)C2,=,2.2,ALAXZYHFVBSJKZ-UHFFFAOYSA-N
C/C=C/C[C@@H](C)C(=O)[C@@H]1C(=O)N[C@@H](C(C)C)C(=O)N(C)CC(=O)N(C)[C@@H](CC(C)C)C(=O)N[C@@H](C(C)C)C(=O)N(C)[C@H](CC(C)C)C(=O)N[C@@H](C)C(=O)N[C@H](C)C(=O)N(C)[C@@H](CC(C)C)C(=O)N(C)[C@H](CC(C)C)C(=O)N(C)[C@@H](C(C)C)C(=O)N1C,=,1.8,YJDYDFNKCBANTM-LLAKQOBUSA-N
CC(CCc1ccccc1)NCC(O)c1ccc(O)c(C(N)=O)c1,=,4.8,SGUAFYQXFOLMHL-UHFFFAOYSA-N
CC(C)(C)NCC(O)c1ccc(O)c(CO)c1,=,1.9,NDAUXUAQIAJITI-UHFFFAOYSA-N
CCN(CC)CCNC(=O)c1ccc(NC(C)=O)cc1,=,1.9,KEECCEWTUVWFCV-UHFFFAOYSA-N
CO/N=C(\C(=O)N[C@@H]1C(=O)N2C(C(=O)O)=CCS[C@@H]12)c1csc(N)n1,=,0.2,NNULBSISHYWZJU-NNFJCDMRSA-N
CCOc1ccccc1OCC1CNCCO1,=,0.73,YWPHCCPCQOJSGZ-UHFFFAOYSA-N
Cc1cn([C@H]2C[C@H](N=[N+]=[N-])[C@@H](CO)O2)c(=O)[nH]c1=O,=,1.8,HBOMLICNUCNMMY-XLPZGREQSA-N
CC1(C)S[C@@H]2[C@H](NC(=O)[C@@H](c3ccccc3)S(=O)(=O)O)C(=O)N2[C@H]1C(=O)O,=,0.15,JETQIUPBHQNHNZ-NJBDSQKTSA-N
CCCC[C@@H]1CC(=O)[C@]2(O)O[C@@H]3[C@@H](NC)[C@@H](O)[C@@H](NC)[C@H](O)[C@H]3O[C@@H]2O1,=,0.7,KHAUBYTYGDOYRU-IRXASZMISA-N
CCCCc1nc(Cl)c(CO)n1Cc1ccc(-c2ccccc2-c2nnn[nH]2)cc1,=,0.37,PSIFNNKUMBGKDQ-UHFFFAOYSA-N
C[C@@H]1CC2=CC(=O)CCC2C2CCC3(C)C(O)CCC3C21,=,0.8,YSGQGNQWBLYHPE-BRIGUCEYSA-N
NC(=O)c1csc([C@@H]2O[C@H](CO)[C@@H](O)[C@H]2O)n1,=,1.1,FVRDYQYEVDDKCR-DBRKOABJSA-N
CC[C@H]1CN2CCC1CC2[C@@H](O)c1ccnc2ccc(OC)cc12,=,2.8,LJOQGZACKSYWCH-QPWZMSJCSA-N
CCCCCCCCOCCOC(=O)CN(CC(=O)O)c1ccccc1OCCOc1ccccc1N(CC(=O)O)CC(=O)OCCOCCCCCCCC,=,1.1,FTGBVHPWUIHWRH-UHFFFAOYSA-N
O=C(O)[C@@H]1C[C@@H](C2CCCCC2)CN1C(=O)CP(=O)(O)CCCCc1ccccc1,=,0.13,WOIWWYDXDVSWAZ-RTWAWAEBSA-N
CC[C@H](C)C(=O)O[C@H]1C[C@@H](C)C=C2C=C[C@H](C)[C@H](CC[C@@H](O)C[C@@H](O)CC(=O)[O-])[C@H]21,=,0.87,QLJODMDSTUBWDW-BXMDZJJMSA-M
CC(C)C[C@H](NC(=O)[C@H](Cc1ccccc1)NC(=O)c1cnccn1)B(O)O,=,10.0,GXJABQQUPOEUTA-RDJZCZTQSA-N
CNS(=O)(=O)Cc1ccc2[nH]cc(CCN(C)C)c2c1,=,1.7,KQKPFRSPSRPDEB-UHFFFAOYSA-N
CC(CN(C)C)CN1c2ccccc2CCc2ccccc21,=,16.0,ZSCDBOWYZJWBIY-UHFFFAOYSA-N
CO[C@]12CC[C@@]3(C[C@@H]1[C@](C)(O)C(C)(C)C)[C@H]1Cc4ccc(O)c5c4[C@@]3(CCN1CC1CC1)[C@H]2O5,=,4.9,RMRJXGBAOAMLHD-IHFGGWKQSA-N
CCOC(=O)[C@H]1[C@@H](OC(=O)c2ccccc2)C[C@@H]2CC[C@H]1N2C,=,1.6,NMPOSNRHZIWLLL-XUWVNRHRSA-N
CCCCCN(CCCOC)C(=O)C(CCC(=O)O)NC(=O)c1ccc(Cl)c(Cl)c1,=,0.24,QNQZBKQEIFTHFZ-UHFFFAOYSA-N
Oc1ccc2c3c1OC1[C@@H](O)CC[C@@]4(O)[C@@H](C2)N(CC2CCC2)CC[C@]314,=,4.6,NETZHAKZCGBWSS-XDWDPSITSA-N
CC(C(O)c1ccc(O)cc1)N1CCC(O)(c2ccccc2)CC1,=,4.4,QEMSVZNTSXPFJA-UHFFFAOYSA-N
O=C1c2cccc3c2C(CCC3)CN1C1CN2CCC1CC2,=,6.3,CPZBLNMUGSZIPR-UHFFFAOYSA-N
Nc1ccn(C2CC[C@@H](CO)O2)c(=O)n1,=,0.54,WREGKURFCTUGRC-UUEFVBAFSA-N
NC(=O)CN1CC(O)CC1=O,=,0.55,IHLAQQPQKRMGSS-UHFFFAOYSA-N
O=S=c1[nH]cco1,=,0.17,ZKICZLXIRMBZFX-UHFFFAOYSA-N
S=C1NCN=C2N=CN=C12,=,1.0,CUZDKDJIGVUXCI-UHFFFAOYSA-N
CC(C)(C)NC[C@H](O)COc1nsnc1N1CCOCC1,=,1.5,BLJRIMJGRPQVNF-JTQLQIEISA-N
C[C@@H]1O[C@@H](O[C@H]2[C@@H](O)C[C@H](O[C@H]3C[C@](O)(C(=O)CO)Cc4c(O)c5c(c(O)c43)C(=O)c3ccccc3C5=O)O[C@H]2C)C[C@H](N)[C@@H]1O,=,2.4,VQHRZZISQVWPLK-UIRGBLDSSA-N
CC1(C)S[C@@H]2C(NC(=O)Cc3ccccc3)C(=O)N2[C@H]1C(=O)O,=,0.24,JGSARLDLIJGVTE-VBVNFKHJSA-N
CCN(CC)CC(=O)Nc1c(C)cccc1C,=,1.8,NNJVILVZKWQKPM-UHFFFAOYSA-N
O=C(NCC1CCCCN1)c1cc(OCC(F)(F)F)ccc1OCC(F)(F)F,=,6.1,DJBNUMBKLMJRSA-UHFFFAOYSA-N
CN[C@@H]1C(O)[C@@H](O[C@@H]2[C@@H](O)[C@H](O[C@H]3OC(CN)=CC[C@H]3N)[C@@H](N)C[C@H]2N)OC[C@]1(C)O,=,0.19,URWAJWIAIPFPJE-JYERGDCNSA-N
O=c1n(CCCN2CCN(c3cccc(Cl)c3)CC2)nc2ccccn12,=,0.52,PHLBKPHSAVXXEF-UHFFFAOYSA-N
CN(/N=C/c1ccccc1[N+](=O)[O-])C(c1ccccc1[N+](=O)[O-])N(C)/N=C/c1ccccc1[N+](=O)[O-],=,0.33,LLMRAEGWKAYSSZ-FEZYOMQXSA-N
C=CC[C@@H]1/C=C(\C)C[C@H](C)C[C@H](OC)[C@H]2O[C@@](O)(C(=O)C(=O)N3CCCC[C@H]3C(=O)O[C@H](/C(C)=C/[C@@H]3CC[C@@H](O)[C@H](OC)C3)[C@H](C)[C@@H](O)CC1=O)[C@H](C)C[C@@H]2OC,=,1.2,QJJXYPPXXYFBGM-LFZNUXCKSA-N
O=C1Nc2ccc(Cl)cc2C(c2ccccc2)=N[C@@H]1O,=,0.59,ADIMAYPTOBDMTL-OAHLLOKOSA-N
NCC1(CC(=O)O)CCCCC1,=,0.71,UGJMXCAKCUNAIE-UHFFFAOYSA-N
NCc1ccccc1CC(=O)NC1C(=O)N2C(C(=O)O)=C(CSc3nnnn3CC(=O)O)CSC12,=,0.17,SLAYUXIURFNXPG-UHFFFAOYSA-N
Cc1cccc([C@@H](C)c2c[nH]cn2)c1C,=,1.6,CUHVIMMYOGQXCV-LLVKDONJSA-N
C[C@H]1O[C@@H](n2cc(F)c(=O)[nH]c2=O)[C@H](O)[C@@H]1O,=,0.28,ZWAOHEXOSAUJHY-ZIYNGMLESA-N
CC(C)NCC(O)c1ccc(NS(C)(=O)=O)cc1,=,1.3,ZBMZVLHSJCTVON-UHFFFAOYSA-N
CC[C@H](C)[C@H](NC(=O)[C@H](CC(N)=O)NC(=O)[C@@H](NC(=O)[C@H](CC(C)C)NC(=O)CNC(=O)[C@H](C)NC(=O)[C@@H]1CCCN1C(=O)[C@H](CCC(=O)O)NC(=O)[C@@H](N)CCCNC(=N)N)[C@@H](C)CC)C(=O)N[C@@H](CC(=O)O)C(=O)N[C@@H](CCC(=O)O)C(=O)O,=,0.35,OIOAIKUIIYGBIO-JESVACHVSA-N
COc1ccc(Cl)cc1[C@]1(F)C(=O)Nc2cc(C(F)(F)F)ccc21,=,10.0,ULYONBAOIMCNEH-HNNXBMFYSA-N
C[C@@H]1C[C@H]2[C@@H]3CCC4=CC(=O)C=C[C@]4(C)[C@@]3(F)[C@@H](O)C[C@]2(C)[C@@]1(O)C(=O)CO,=,0.94,UREBDLICKHMUKA-CXSFZGCWSA-N
COc1ccc(Cl)cc1C(=O)NC(C)c1ccc(S(=O)(=O)NC(=O)NC2CCCCC2)cc1,=,0.08,SAXQMDVJWUXSFZ-UHFFFAOYSA-N
O=C1CN(N=Cc2ccc(-c3ccc([N+](=O)[O-])cc3)o2)C(=O)N1,=,0.37,OZOMQRBLCMDCEG-UHFFFAOYSA-N
CCN1C(C)=C(C(=O)[O-])C(c2cccc([N+](=O)[O-])c2C)C(C(=O)[O-])=C1C,=,6.1,MQESJBJIGCTSLG-UHFFFAOYSA-L
Nc1nc(N)c2nc(-c3ccccc3)c(N)nc2n1,=,13.0,FNYLWPVRPXGIIP-UHFFFAOYSA-N
NC(N)=Nc1nc(CSCC/C(N)=N/S(N)(=O)=O)cs1,=,1.2,XUFQPHANEAPEMJ-UHFFFAOYSA-N
CSc1ccc(C(=O)c2[nH]c(=O)[nH]c2C)cc1,=,1.8,ZJKNESGOIKRXQY-UHFFFAOYSA-N
COc1ccccc1Oc1c(NS(=O)(=O)c2ccc(C(C)C)cn2)nc(-c2ccnc(-c3nn[nH]n3)c2)nc1OCCO,=,0.28,TUYWTLTWNJOZNY-UHFFFAOYSA-N
O=C(c1ccc(F)cc1)C1CCN(CCn2c(=O)[nH]c3ccccc3c2=O)CC1,=,3.9,FPCCSQOGAWCVBH-UHFFFAOYSA-N
CC1(C)SC2C(N(NC(=O)N3CCNC3=O)C(=O)Cc3ccccc3)C(=O)N2C1C(=O)O,=,0.26,LNPZUSALIRFFGM-UHFFFAOYSA-N
CCCCCNC(=O)c1coc([C@@H]2[C@@H]3CC[C@@H](O3)[C@@H]2Cc2ccccc2CCC(=O)O)n1,=,4.4,BBPRUNPUJIUXSE-SQMWVJLWSA-N
C[NH2+][C@]1(c2ccccc2Cl)CCCCC1=O,=,2.9,YQEZLKZALYSWHR-ZDUSSCGKSA-O
NC[C@H]1OC(O[C@@H]2[C@@H](N)C[C@@H](N)[C@H](O[C@H]3O[C@H](CO)[C@@H](O)[C@H](N)[C@H]3O)[C@H]2O)[C@H](O)[C@@H](O)[C@@H]1O,=,0.26,SBUJHOSQTJFQJX-MMBTZOPTSA-N
COc1cc2ncnc(Nc3ccc(F)c(Cl)c3)c2cc1OCCCN1CCOCC1,=,23.0,XGALLCVXEZPNRQ-UHFFFAOYSA-N
[2H]c1c([2H])c([2H])c(C2=NCc3cnc(C)n3-c3ccc(Cl)cc32)c(F)c1[2H],=,1.1,DDLIGBOFAVUZHB-QFFDRWTDSA-N
CC[C@H]1NC(=O)[C@@H](NC(=O)c2ncccc2O)[C@@H](C)OC(=O)[C@H](c2ccccc2)NC(=O)[C@@H]2CC(=O)[C@H](CS[C@@H]3CN4CCC3CC4)CN2C(=O)[C@H](Cc2ccc(N(C)C)cc2)N(C)C(=O)[C@@H]2CCCN2C1=O,=,0.67,WTHRRGMBUAHGNI-LCYNINFDSA-N
CO/N=C(\C(=O)N[C@@H]1C(=O)N2C(C(=O)[O-])=C(C[n+]3cccc4c3CCC4)CS[C@H]12)c1csc(N)n1,=,0.24,DKOQGJHPHLTOJR-WHRDSVKCSA-N
CCC[C@@H]1C[C@@H](C(=O)N[C@@H](C(C)Cl)[C@H]2O[C@@H](SC)[C@H](O)[C@@H](O)[C@H]2O)N(C)C1,=,0.79,KDLRVYVGXIQJDK-NQQGAZBYSA-N
CN(C)CCCN1c2ccccc2CCc2cc(O)ccc21,=,6.6,ROTCPJFWLNDKHU-UHFFFAOYSA-N
Nc1ncn([C@@H]2O[C@H](CO)[C@@H](O)[C@H]2O)c(=O)n1,=,0.47,NMUSYJAQQFHJEW-KVTDHHQDSA-N
CCC#CC[C@H](C)[C@H](O)C#C[C@@H]1[C@H]2C/C(=C\COCC(=O)O)C[C@H]2C[C@H]1O,=,0.08,ARUGKOZUKWAXDS-WPWWXZMJSA-N
CCn1cc(C(=O)O)c(=O)c2ccc(N3CCNCC3)cc21,=,2.0,GHRVKTJOLCCNCJ-UHFFFAOYSA-N
C[C@H]1CNc2c(cccc2S(=O)(=O)N[C@@H](CCCN=C(N)N)C(=O)N2CC[C@@H](C)C[C@@H]2C(=O)O)C1,=,0.17,KXNPVXPOPUZYGB-XYVMCAHJSA-N
C[C@H](NCCc1ccc(O)cc1)[C@H](O)c1ccc(O)cc1,=,4.4,IOVGROKTTNBUGK-SJCJKPOMSA-N
CCCc1nn(C)c2c(=O)[nH]c(-c3cc(S(=O)(=O)N4CCN(C)CC4)ccc3OCC)nc12,=,1.4,BNRNXUUZRGQAQC-UHFFFAOYSA-N
CCC[C@H](N[C@@H](C)C(=O)N1[C@H](C(=O)O)C[C@@H]2CCCC[C@@H]21)C(=O)O,=,0.76,ODAIHABQVKJNIY-PEDHHIEDSA-N
Cc1cc(-n2cccc2)c(S(C)(=O)=O)cc1C(=O)N=C(N)N,=,1.1,UADMBZFZZOBWBB-UHFFFAOYSA-N
CCCCCCCCC/C=C/C=C/C(=O)NCC(=O)N[C@H]1[C@H]([C@@H](O)CO)O[C@H](Nc2ncnc3nc[nH]c23)[C@H](O)[C@@H]1O,=,0.17,LQIPDFIUPOYMPR-BKYURJJWSA-N
COc1c(N2CCNC(C)C2)c(F)cc2c(=O)c(C(=O)O)cn(C3CC3)c12,=,1.7,XUBOMFCQGDBHNK-UHFFFAOYSA-N
C/C=C1/NC(=O)[C@H]2CSSCC/C=C\[C@H](CC(=O)N[C@H](C(C)C)C(=O)N2)OC(=O)[C@H](C(C)C)NC1=O,=,1.2,OHRURASPPZQGQM-UBQUJCNUSA-N
CCC(=O)N(c1ccccc1)C1CCN(CCc2ccccc2)CC1,=,0.89,PJMPHNIQZUBGLI-UHFFFAOYSA-N
C[C@H]1C(=O)O[C@H]2[CH]C34[C@H]5[CH][C@@H](C(C)(C)C)C36C(OC(=O)[C@@H]6O)O[C@@]4(C(=O)O5)[C@]21O,=,0.62,HZVPKDKMOQFQOE-DHAJINMISA-N
CC[C@@](O)(C(=O)O)c1cc2n(c(=O)c1CO)Cc1c-2nc2cc(F)c(C)c3c2c1[C@@H](N)CC3,=,0.44,FSIYVZXCHYTWIP-FYSMJZIKSA-N
COC(=O)CCc1ccc(OCC(O)CNC(C)C)cc1,=,1.2,AQNDDEOPVVGCPG-UHFFFAOYSA-N
CCNC(=O)[C@@H]1CCCN1C(=O)[C@H](CCCNC(=N)N)NC(=O)[C@H](CC(C)C)NC(=O)[C@@H](CC(C)C)NC(=O)[C@H](Cc1ccc(O)cc1)NC(=O)[C@H](CO)NC(=O)[C@H](Cc1c[nH]c2ccccc12)NC(=O)[C@H](Cc1c[nH]cn1)NC(=O)[C@@H]1CCC(=O)N1,=,0.38,GFIJNRVAKGFPGQ-LIJARHBVSA-N
Nc1ncnc2c1ncn2CCOCP(=O)(O)O,=,0.42,SUPKOOSCJHTBAH-UHFFFAOYSA-N
CC(O)[C@H]1C(=O)N2C(C(=O)[O-])=C(SC3Cn4cnc[n+]4C3)[C@H](C)[C@H]12,=,0.2,MRMBZHPJVKCOMA-WAOAVRLKSA-N
Cc1ccc(O)c([C@@H](CCN(C(C)C)C(C)C)c2ccccc2)c1,=,1.5,OOGJQPCLVADCPB-FQEVSTJZSA-N
CNCC[C@@H](Oc1ccccc1C)c1ccccc1,=,0.85,VHGCDTVCOLNTBX-QGZVFWFLSA-N
Cc1cccc(Nc2ccncc2S(=O)(=O)NC(=O)NC(C)C)c1,=,0.21,NGBFQHCMQULJNZ-UHFFFAOYSA-N
CCS(=O)(=O)CCn1c([N+](=O)[O-])cnc1C,=,0.59,HJLSLZFTEKNLFI-UHFFFAOYSA-N
Cc1nnc2n1-c1ccc(Cl)cc1C(c1ccccc1)=NC2,=,0.8,VREFGVBLTWBCJP-UHFFFAOYSA-N
CN(C)C(=O)Oc1cccc([N+](C)(C)C)c1,=,0.74,ALWKGYPQUAPLQC-UHFFFAOYSA-N
COc1ccc(-c2nc3c([nH]2)C=CC(C2=C(C)C=NC(=O)C2)C3)cc1,=,2.0,KLURSSJEJXFGDM-UHFFFAOYSA-N
C[C@@H]1[C@H](NC(=O)/C(=N\OC(C)(C)C(=O)O)c2csc(N)n2)C(=O)N1S(=O)(=O)O,=,0.18,WZPBZJONDBGPKJ-DZIOLEBDSA-N
COc1cc(CC(=O)NCC(=O)N(CCC(=O)O)Cc2ccc(OC)c(OC)c2)ccc1NC(=O)Nc1ccccc1C,=,0.25,WZFRNNCNGXELDE-UHFFFAOYSA-N
O=C1C(=O)c2ccccc2C(O)=C1C1CCC(c2ccc(Cl)cc2)CC1,=,0.6,BSJMWHQBCZFXBR-UHFFFAOYSA-N
CO[C@H]1/C=C/O[C@@]2(C)Oc3c(C)c(O)c4c(O)c(cc(O)c4c3C2=O)NC(=O)/C(C)=C\C=C\[C@H](C)[C@H](O)[C@@H](C)[C@@H](O)[C@@H](C)[C@H](OC(C)=O)[C@@H]1C,=,0.97,HJYYPODYNSCCOU-ODRIEIDWSA-N
CC(=O)O[C@H]1C(=O)[C@]2(C)[C@@H](O)C[C@H]3OC[C@@]3(OC(C)=O)[C@H]2[C@H](OC(=O)c2ccccc2)[C@]2(O)C[C@H](OC(=O)[C@H](O)[C@@H](NC(=O)c3ccccc3)c3ccccc3)C(C)=C1C2(C)C,=,3.0,RCINICONZNJXQF-MZXODVADSA-N
N#CC(CCN1CCC(C(N)=O)(N2CCCCC2)CC1)(c1ccccc1)c1ccccc1,=,4.7,IHEHEFLXQFOQJO-UHFFFAOYSA-N
N=C(N)NCCCC[C@@H]1NC(=O)CCSSC[C@@H](C(N)=O)NC(=O)[C@@H]2CCCN2C(=O)[C@H](Cc2c[nH]c3ccccc23)NC(=O)[C@H](CC(=O)O)NC(=O)CNC1=O,=,0.17,CZKPOZZJODAYPZ-LROMGURASA-N
[2H]C([2H])([2H])N(C)C(C)CC(C(=O)CC)(c1ccccc1)c1ccccc1,=,4.4,USSIQXCVUWKGNF-HPRDVNIFSA-N
CCC1(c2cccc(O)c2)CCCCN(C)C1,=,3.3,JLICHNCFTLFZJN-UHFFFAOYSA-N
C[C@@](O)(/C=C/[C@@H]1CC=CC(=O)O1)[C@@H](C[C@@H](O)/C=C\C=C/C=C/CO)OP(=O)(O)O,=,0.086,ZMQRJWIYMXZORG-GZIFKOAOSA-N
[2H]C([2H])(O)C([2H])([2H])OCn1cnc2c(O)nc(N)nc21,=,0.71,MKUXAQIIEYXACX-LNLMKGTHSA-N
CCCCCN(CCCOC)C(=O)[C@@H](CCC(=O)O)NC(=O)c1ccc(Cl)c(Cl)c1,=,0.18,QNQZBKQEIFTHFZ-GOSISDBHSA-N
Cc1ccccc1N1C(=O)c2cc(S(N)(=O)=O)c(Cl)cc2NC1C,=,1.6,AQCHWTWZEMGIFD-UHFFFAOYSA-N
CCOc1ccccc1OCCN[C@H](C)Cc1ccc(OC)c(S(N)(=O)=O)c1,=,0.21,DRHKJLXJIQTDTD-OAHLLOKOSA-N
COCCNC(=O)CN(CCN(CCN(CC(=O)[O-])CC(=O)NCCOC)CC(=O)[O-])CC(=O)[O-],=,0.16,AXFGWXLCWCNPHP-UHFFFAOYSA-K
Cc1c(OCC(F)(F)F)ccnc1C[S+]([O-])c1nc2ccccc2[nH]1,=,0.28,MJIHNNLFOKEZEW-UHFFFAOYSA-N
CCn1cc(C(=O)O)c(=O)c2cc(F)c(N3CCN(C)CC3)cc21,=,1.5,FHFYDNQZQSQIAI-UHFFFAOYSA-N
CCCCCOc1ccc(-c2ccc(-c3ccc(C(=O)N[C@H]4C[C@@H](O)[C@@H](O)NC(=O)[C@@H]5[C@@H](O)[C@@H](C)CN5C(=O)[C@H]([C@@H](C)O)NC(=O)[C@H]([C@H](O)[C@@H](O)c5ccc(O)cc5)NC(=O)[C@@H]5C[C@@H](O)CN5C(=O)[C@H]([C@@H](C)O)NC4=O)cc3)cc2)cc1,=,0.57,JHVAMHSQVVQIOT-MFAJLEFUSA-N
CCN(CC)CC#CCOC(=O)C(O)(c1ccccc1)C1CCCCC1,=,0.85,XIQVNETUBQGFHX-UHFFFAOYSA-N
Nc1nc(/C(=N\O)C(=O)N[C@@H]2C(=O)N3C(C(=O)O)=C(/C=C4\CCN([C@@H]5CCNC5)C4=O)CS[C@H]23)ns1,=,0.27,VOAZJEPQLGBXGO-YCGCJULASA-N
CC(C)NCC(O)COc1cccc2ccccc12,=,3.1,AQHHHDLHHXJYJD-UHFFFAOYSA-N
Nc1ccn(C[C@@H](CO)OCP(=O)(O)O)c(=O)n1,=,0.49,VWFCHDSQECPREK-LURJTMIESA-N
CO[C@@]1(NC(=O)Cc2cccs2)C(=O)N2C(C(=O)O)=C(COC(N)=O)CSC21,=,0.17,WZOZEZRFJCJXNZ-WMCAAGNKSA-N
CCCCCC1=NC=CC=CC=C1,=,3.4,GOVKUODTXBRZDJ-UHFFFAOYSA-N
COc1cc2nc(N3CCN(C(=O)C4CCCO4)CC3)nc(N)c2cc1OC,=,0.98,VCKUSRYTPJJLNI-UHFFFAOYSA-N
CN(C)CCN(Cc1cccs1)c1ccccn1,=,3.3,HNJJXZKZRAWDPF-UHFFFAOYSA-N
Cc1cc(=O)n(-c2ccccc2)n1C,=,0.77,VEQOALNAAJBPNY-UHFFFAOYSA-N
CCCC[N+](CCCC)(CCCC)CCCC,=,1.5,DZLFLBLQUQXARW-UHFFFAOYSA-N
CN1CCC[C@H]1c1cccnc1,=,2.6,SNICXCGAKADSCV-JTQLQIEISA-N
N[C@H]1CN(c2c(F)cc3c(=O)c(C(=O)O)cn(C4C[C@H]4F)c3c2Cl)CC12CC2,=,1.5,PNUZDKCDAWUEGK-VBUNGHGYSA-N
Clc1ccccc1N1CCNCC1,=,2.5,PWZDJIUQHUGFRJ-UHFFFAOYSA-N
COc1cc(NC(C)CCCN)c2ncccc2c1,=,4.0,INDBQLZJXZLFIT-UHFFFAOYSA-N
C=C[C@H]1CN2CC[C@@H]1C[C@H]2[C@H](O)c1ccnc2ccc(OC)cc12,=,1.8,LOUPRKONTZGTKE-FOEVPDMQSA-N
CN(C)CC/C=C1\c2ccccc2COc2ccccc21,=,12.0,ODQWQRRAPPTVAG-GZTJUZNOSA-N
Cc1nnc(SCC2=C(C(=O)O)N3C(=O)[C@@H](NC(=O)[C@H](O)c4ccccc4)[C@H]3SC2)s1,=,0.13,VDFFPBOAOLQAJV-SUYBPPKGSA-N
COc1cccc2c1C(=O)c1c(O)c3c(c(O)c1C2=O)C[C@@](O)(C(=O)CO)C[C@@H]3O[C@H]1C[C@H](N)[C@@H](O)[C@H](C)O1,=,45.0,AOJJSUZBOXZQNB-VTZDEGQISA-N
CC1(C)S[C@@H]2[C@H](NC(=O)[C@@H](NC(=O)N3CCN(S(C)(=O)=O)C3=O)c3ccccc3)C(=O)N2[C@@H]1C(=O)[O-],=,0.09,YPBATNHYBCGSSN-ZOMKSWQUSA-M
C[C@@H]1O[C@@H]1P(=O)(O)O,=,0.32,YMDXZJFXQJVXBF-STHAYSLISA-N
CC12Cc3cn[nH]c3C(O)C1CCC1C2CCC2(C)C1CC(O)C2(C)O,=,0.3,BRYNGAICAJXOCY-UHFFFAOYSA-N
CNC1CCc2[nH]c3ccc(C(N)=O)cc3c2C1,=,3.6,XPSQPHWEGNHMSK-UHFFFAOYSA-N
CN1C(C(=O)Nc2ccccn2)C(=O)c2sccc2S1(=O)=O,=,0.19,OTGJPAOGHQFBMI-UHFFFAOYSA-N
O=C(CCCN1CCC(n2c(=O)[nH]c3ccccc32)CC1)c1ccc(F)cc1,=,3.8,FEBOTPHFXYHVPL-UHFFFAOYSA-N
CCCCCCCCCCNCCN[C@@]1(C)C[C@H](O[C@H]2[C@H](Oc3c4cc5cc3Oc3ccc(cc3Cl)[C@@H](O)[C@@H](NC(=O)[C@@H](CC(C)C)NC)C(=O)N[C@@H](CC(N)=O)C(=O)N[C@H]5C(=O)N[C@H]3C(=O)N[C@H](C(=O)N[C@H](C(=O)O)c5cc(O)c(CNCP(=O)(O)O)c(O)c5-c5cc3ccc5O)[C@H](O)c3ccc(c(Cl)c3)O4)O[C@H](CO)[C@@H](O)[C@@H]2O)O[C@@H](C)[C@H]1O,=,0.11,ONUMZHGUFYIKPM-MXNFEBESSA-N
CC1CN([C@H]2C=C[C@@H](CO)O2)C(=O)NC1=O,=,0.67,ONAKHYDTKMSIOT-ZHFSPANRSA-N
CNC1C(O)C([NH2+]C)C2OC3(O)C(=O)CC(C)OC3OC2C1O,=,0.13,UNFWWIHTNXNPBV-UHFFFAOYSA-O
N#Cc1ccc(C(c2ccc(C#N)cc2)n2cncn2)cc1,=,1.9,HPJKCIUCZWXJDR-UHFFFAOYSA-N
CC1COc2c(N3CCN(C)CC3)c(F)cc3c(=O)c(C(=O)O)cn1c23,=,1.6,GSDSWSVVBLHKDQ-UHFFFAOYSA-N
COc1cccc(OC)c1C(=O)N[C@@H]1C(=O)N2[C@@H](C(=O)O)C(C)(C)S[C@H]12,=,0.32,RJQXTJLFIWVMTO-TYNCELHUSA-N
CC(C)NCC(O)c1ccc(O)c(O)c1,=,1.5,JWZZKOKVBUJMES-UHFFFAOYSA-N
CC(=O)OC1C=C2CCC3C(CCC4(C)C3CC([N+]3(C)CCCCC3)C4OC(C)=O)C2CC1N1CCCCC1,=,0.3,KWOOLCGQPWNCEE-UHFFFAOYSA-N
CCOC(=O)NC1CC2CCC1C2,=,0.74,BEEMRXRYLIWEJL-UHFFFAOYSA-N
O=C(O)CC(=O)c1ccc(F)cc1,=,0.76,WSWKUJUQMXOEQK-UHFFFAOYSA-N
NS(=O)(=O)c1cc(C2(O)NC(=O)c3ccccc32)ccc1Cl,=,3.9,JIVPVXMEBJLZRO-UHFFFAOYSA-N
O=C(N[C@H](CO)[C@H](O)c1ccc([N+](=O)[O-])cc1)C(Cl)Cl,=,0.94,WIIZWVCIJKGZOK-RKDXNWHRSA-N
CN1CC[C@@H](c2c(O)cc(O)c3c(=O)cc(-c4ccccc4Cl)oc23)[C@@H](O)C1,=,1.5,BIIVYFLTOXDAOV-PXAZEXFGSA-N
CCCCC1=NC2(CCCC2)C(=O)N1Cc1ccc(-c2ccccc2-c2nnn[nH]2)cc1,=,0.94,YOSHYTLCDANDAN-UHFFFAOYSA-N
COc1ccc(CC2c3cc(OC)c(OC)cc3CC[N+]2(C)CCC(=O)OCCCCCOC(=O)CC[N+]2(C)CCc3cc(OC)c(OC)cc3C2Cc2ccc(OC)c(OC)c2)cc1OC,=,0.1,YXSLJKQTIDHPOT-UHFFFAOYSA-N
C[C@@H]1CC[C@H]2[C@@H](C)[C@H](OC(=O)CCC(=O)[O-])O[C@@H]3O[C@@]4(C)CC[C@@H]1[C@@]23OO4,=,15.0,FIHJKUPKCHIPAT-AHIGJZGOSA-M
C[C@@H](c1ncncc1F)[C@](O)(Cn1cncn1)c1ccc(F)cc1F,=,2.2,BCEHBSKCWLPMDN-MGPLVRAMSA-N
NS(=O)(=O)c1cc(C(=O)O)cc(N2CCCC2)c1Oc1ccccc1,=,0.17,UJEWTUDSLQGTOA-UHFFFAOYSA-N
C[C@@H](O)[C@H]1C(=O)N2C(C(=O)O)=C(S[C@@H]3CN[C@@H](C(=O)Nc4cccc(C(=O)O)c4)C3)[C@H](C)[C@H]12,=,0.12,JUZNIMUFDBIJCM-IXADOMCXSA-N
CCCCNC(=O)NS(=O)(=O)c1ccc(C)cc1,=,0.12,JLRGJRBPOGGCBT-UHFFFAOYSA-N
CO/N=C(/C(=O)NC1C(=O)N2C(C(=O)O)=C(CSc3nc(C)c(CC(=O)O)s3)CSC12)c1csc(N)n1,=,0.054000000000000006,XDZKBRJLTGRPSS-BRJLIKDPSA-N
COc1cc2c(cc1OC)[C@@H](Cc1cc(OC)c(OC)c(OC)c1)[N+](C)(CCCOC(=O)CCC=CCCC(=O)OCCC[N+]1(C)CCc3cc(OC)c(OC)cc3[C@H]1Cc1cc(OC)c(OC)c(OC)c1)CC2,=,0.27,ILVYCEVXHALBSC-XBCOOEMPSA-N
CC[C@]1(O)C[C@@H]2CN(CCc3c([nH]c4ccccc34)[C@@](C(=O)OC)(c3cc4c(cc3OC)N(C=O)[C@@H]3C45CCN4CC=C[C@@](CC)([C@H](OC(C)=O)[C@]3(O)C(=O)OC)[C@H]45)C2)C1,=,28.0,OGWKCGZFUXNPDA-HAVDPRAOSA-N
C[C@H](N)Cc1ccccc1,=,6.1,KWTSXDURSIMDCE-QMMMGPOBSA-N
CC(C)(C)NCC(O)c1cc(O)cc(O)c1,=,1.5,XWTYSIMOBUGWOL-UHFFFAOYSA-N
Cc1[nH]cnc1CN1CCc2c(c3ccccc3n2C)C1=O,=,1.1,JSWZEAMFRNKZNL-UHFFFAOYSA-N
C[C@H](CN1CC(=O)NC(=O)C1)N1CC(=O)NC(=O)C1,=,0.55,BMKDZUISNHGIBY-SSDOTTSWSA-N
CN1C(=O)CN=C(c2ccccc2F)c2cc([N+](=O)[O-])ccc21,=,1.9,PPTYJKAXVCCBDU-UHFFFAOYSA-N
CN(C)Cc1nc(CSCCN(C)/C(N)=C/[N+](=O)[O-])cs1,=,1.0,NRFDOJHZMQJSKN-IZZDOVSWSA-N
COC(=O)C1=C(C)NC(C)=C(C(=O)OCC(C)C)C1c1cccc([N+](=O)[O-])c1,=,5.5,MRSJBSHLMOBYSH-UHFFFAOYSA-N
Cc1onc(-c2ccccc2)c1C(=O)NC1C(=O)N2[C@@H](C(=O)[O-])C(C)(C)S[C@H]12,=,0.19,UWYHMGVUTGAWSP-XLGXCUCASA-M
CCCc1nc2c(C)cc(-c3nc4ccccc4n3C)cc2n1Cc1ccc(-c2ccccc2C(=O)O)cc1,=,5.3,RMMXLENWKUUMAY-UHFFFAOYSA-N
CC(C)C(CC[C@@H](C)[C@H]1CC[C@H]2[C@H]3[C@H](CC[C@@]21C)[C@@]1(C)CC[C@H](NCCCNCCCCN)C[C@@H]1C[C@H]3O)OS(=O)(=O)O,=,0.23,UIRKNQLZZXALBI-OVOJGICBSA-N
CN(C)CCC=C1c2ccccc2CCc2ccccc21,=,8.7,KRMDCWKBEZIMAB-UHFFFAOYSA-N
O=C1CN=C(c2ccccc2)c2cc(Cl)ccc2N1,=,0.45,AKPLHCDWDRPJGD-UHFFFAOYSA-N
CCC(=O)N(c1ccccc1)C1(C(=O)OC)CCN(CCC(=O)OC)CC1,=,0.4,ZTVQQQVZCWLTDF-UHFFFAOYSA-N
CN(C)NN=C1N=CN=C1C(N)=O,=,1.2,OMJKFYKNWZZKTK-UHFFFAOYSA-N
O=P1(NCCCl)OCCCN1CCCl,=,0.62,HOMGKSMUEGBAAB-UHFFFAOYSA-N
CCC1(O)C(=O)OCc2c1cc1n(c2=O)Cc2cc3c(N)cccc3nc2-1,=,2.2,FUXVKZWTXQUGMW-UHFFFAOYSA-N
CCN(CC)CCNC(=O)c1ccc(N)cc1,=,2.2,REQCZEXYDRLIBE-UHFFFAOYSA-N
Nc1nc(NC2CC2)c2ncn([C@H]3CC[C@@H](CO)C3)c2n1,=,0.84,TYPRESGPNUCUCA-SCZZXKLOSA-N
C#Cc1cc2c(cc1OS(=O)(=O)O)CC[C@@H]1[C@@H]2CC[C@]2(C)[C@@H](O)CC[C@@H]12,=,2.3,FJSQDVSTMCDMAQ-SSGANFLRSA-N
CCN(C(C)=O)c1cccc(-c2ccnc3c(C#N)cnn23)c1,=,1.3,HUNXMJYCHXQEGX-UHFFFAOYSA-N
CCC(C)n1ncn(-c2ccc(N3CCN(c4ccc(OC[C@@H]5CO[C@@](Cn6cncn6)(c6ccc(Cl)cc6Cl)O5)cc4)CC3)cc2)c1=O,=,7.4,VHVPQPYKVGDNFY-AVQIMAJZSA-N
CCCCS(=O)(=O)NC(Cc1ccc(OCCCCC2CCNCC2)cc1)C(=O)O,=,0.99,COKMIXFXJJXBQG-UHFFFAOYSA-N
C=CCN1CC[C@]23c4c5ccc(O)c4O[C@H]2C(=O)CC[C@@]3(O)[C@H]1C5,=,1.7,UZHSEJADLWPNLE-GRGSLBFTSA-N
O=C1c2c(O)ccc(O)c2C(=O)c2c(NCCNCCO)ccc(NCCNCCO)c21,=,12.0,KKZJGLLVHKMTCM-UHFFFAOYSA-N
CC(C)C1CCC(C(=O)NC(Cc2ccccc2)C(=O)O)CC1,=,0.15,OELFLUMRDSZNSF-UHFFFAOYSA-N
COc1cc2nc(N3CCN(C(=O)c4ccco4)CC3)nc(N)c2cc1OC,=,0.73,IENZQIKPVFGBNW-UHFFFAOYSA-N
NC(=O)C(c1ccccc1)(c1ccccc1)[C@@H]1CCN(CCc2ccc3c(c2)CCO3)C1,=,2.6,HXGBXQDTNZMWGS-RUZDIDTESA-N
Cc1nnc2n1-c1sc(Br)cc1C(c1ccccc1Cl)=NC2,=,0.75,UMSGKTJDUHERQW-UHFFFAOYSA-N
COC(C)CC(C)OC(=O)C1=C(C)NC(C)=C(C(=O)O)C1c1cccc([N+](=O)[O-])c1,=,1.1,TXFXHUMTAPZAMP-UHFFFAOYSA-N
CC(CS)C(=O)N1CCC[C@@H]1C(=O)O,=,0.75,FAKRSMQSSFJEIM-COBSHVIPSA-N
C[C@]12CC[C@@H]3c4ccc(O)cc4CC[C@@H]3[C@H]1CC[C@H]2O,=,1.2,VOXZDWNPVJITMN-ILOCAZANSA-N
N[C@@H](Cc1ccc(O)c(O)c1)C(=O)O,=,1.7,WTDRDQBEARUVNC-LURJTMIESA-N
COc1ccccc1Oc1c(NS(=O)(=O)c2ccc(C(C)(C)C)cc2)nc(-c2ncccn2)nc1OCCO,=,0.29,GJPICJJJRGTNOD-UHFFFAOYSA-N
O=C(Oc1ccc(F)cc1)c1ccc(Cl)cc1,=,13.0,QFOOQWZABMLXPS-UHFFFAOYSA-N
CC(O)C(=O)Nc1c(I)c(C(=O)NC(CO)CO)c(I)c(C(=O)NC(CO)CO)c1I,=,0.28,XQZXYNRDCRIARQ-UHFFFAOYSA-N
CON=C(C(=O)N[C@@H]1C(=O)N2C(C(=O)O)=C(COC(N)=O)CS[C@H]12)c1ccco1,=,0.15,JFPVXVDWJQMJEE-QMTHXVAHSA-N
[2H]c1c([2H])c([2H])c(C(=O)c2ccc3n2CCC3C(=O)O)c([2H])c1[2H],=,0.11,OZWKMVRBQXNZKK-RALIUCGRSA-N
CC(CCc1ccc2c(c1)OCO2)NCC(O)c1ccc(O)c(C(N)=O)c1,=,7.9,MPQWSYJGFLADEW-UHFFFAOYSA-N
CC[C@H](C)C(=O)O[C@H]1C[C@H](O)C=C2C=C[C@H](C)[C@H](CC[C@@H](O)C[C@@H](O)CC(=O)O)[C@H]21,=,0.46,TUZYXOIXSAXUGO-PZAWKZKUSA-N
CCCCN1CCCCC1C(=O)Nc1c(C)cccc1C,=,0.84,LEBVLXFERQHONN-UHFFFAOYSA-N
N=C(N)NC(=O)Cc1c(Cl)cccc1Cl,=,5.6,INJOMKTZOLKMBF-UHFFFAOYSA-N
CC(=O)O[C@H]1C(=O)[C@]23C[C@H]2C[C@H]2OC[C@@]2(OC(C)=O)[C@H]3[C@H](OC(=O)c2ccccc2)[C@]2(O)C[C@H](OC(=O)[C@H](O)[C@@H](NC(=O)OC(C)(C)C)c3ccccc3)C(C)=C1C2(C)C,=,12.0,DXOJIXGRFSHVKA-BZVZGCBYSA-N
C[C@]12C[C@H](O)[C@H]3[C@@H](CCC4=CC(=O)CC[C@@]43C)[C@@H]1CC[C@]2(O)C(=O)CO,=,0.38,JYGXADMDTFJGBT-VWUMJDOOSA-N
CCN(CCO)CCCC(C)Nc1ccnc2cc(Cl)ccc12,=,700.0,XXSMGPRMXLTPCZ-UHFFFAOYSA-N
CC(=O)OC1[C@@H]([N+]2(C)CCCCC2)C[C@H]2[C@@H]3CC[C@H]4C[C@H](OC(C)=O)[C@@H]([N+]5(C)CCCCC5)C[C@]4(C)[C@H]3CC[C@]12C,=,0.2,GVEAYVLWDAFXET-XUCOTFPHSA-N
C=C(CC)C(=O)c1ccc(OCC(=O)O)c(Cl)c1Cl,=,0.26,AVOLMBLBETYQHX-UHFFFAOYSA-N
CCCCCOc1ccc(-c2cc(-c3ccc(C(=O)N[C@H]4C[C@@H](O)[C@@H](O)NC(=O)[C@@H]5[C@@H](O)[C@@H](C)CN5C(=O)[C@H]([C@H](O)CC(N)=O)NC(=O)[C@H]([C@H](O)[C@@H](O)c5ccc(O)c(OS(=O)(=O)O)c5)NC(=O)[C@@H]5C[C@@H](O)CN5C(=O)[C@H]([C@H](C)O)NC4=O)cc3)no2)cc1,=,0.21,PIEUQSKUWLMALL-NFGJWQNFSA-N
CN(C)CCCC1(c2ccc(F)cc2)OCc2cc(C#N)ccc21,=,12.0,WSEQXVZVJXJVFP-UHFFFAOYSA-N
CN1CCN(CCCCN2C(=O)CN(/N=C/c3ccc(-c4ccc(Cl)cc4)o3)C2=O)CC1,=,13.0,MREBEPTUUMTTIA-PCLIKHOPSA-N
CN(C(=O)c1c(O)c2ccccc2n(C)c1=O)c1ccccc1,=,0.21,SGOOQMRIPALTEL-UHFFFAOYSA-N
CCC(=O)C1(c2cccc(O)c2)CCN(C)CC1,=,0.48,ALFGKMXHOUSVAD-UHFFFAOYSA-N
OC1=Nc2ccc(Cl)cc2C(c2ccccc2Cl)=NC1O,=,1.3,DIWRORZWFLOCLC-UHFFFAOYSA-N
CN(CCOc1ccc(CC2SC(=O)NC2=O)cc1)c1ccccn1,=,0.2,YASAKCUCGLMORW-UHFFFAOYSA-N
O=C(O)[C@H]1C(=CCO)O[C@@H]2CC(=O)N21,=,0.22,HZZVJAQRINQKSD-RNFRBKRXSA-N
CN(CCl)CCOC(c1ccccc1)c1ccc(Br)cc1,=,10.0,PCHAKXPKGKDBNP-UHFFFAOYSA-N
CN(C)CCOC(c1ccccc1)c1ccccc1,=,6.5,ZZVUWRFHKOJYTH-UHFFFAOYSA-N
CN(C)C(=O)CCS[C@H](SCCC(=O)O)c1cccc(/C=C/c2ccc3ccc(Cl)cc3n2)c1,=,0.11,AXUZQJFHDNNPFG-LHAVAQOQSA-N
CC(C(=O)O)c1ccc(C(=O)c2cccs2)cc1,=,0.04,MDKGKXOCJGEUJW-UHFFFAOYSA-N
COc1cccc([C@]2(O)CCCC[C@H]2CN(C)C)c1,=,2.8,TVYLLZQTGLZFBW-GOEBONIOSA-N
COc1ccc(Cc2nccc3cc(OC)c(OC)cc23)cc1OC,=,1.0,XQYZDYMELSJDRZ-UHFFFAOYSA-N
Cc1ncsc1CCCl,=,6.6,PCLITLDOTJTVDJ-UHFFFAOYSA-N
Nc1ncn([C@H]2CC(O)[C@@H](CO)O2)c(=O)n1,=,4.6,XAUDJQYHKZQPEU-YSLANXFLSA-N
CC(C)N(CCC(C(N)=O)(c1ccccc1)c1ccccn1)C(C)C,=,0.52,UVTNFZQICZKOEM-UHFFFAOYSA-N
O=[N+]([O-])O[C@H]1CO[C@H]2[C@H](O)CO[C@@H]12,=,0.86,YWXYYJSYQOXTPL-VANKVMQKSA-N
CCCCCCCN(CC)CCCC(O)c1ccc(NS(C)(=O)=O)cc1,=,12.0,ALOBUEHUHMBRLE-UHFFFAOYSA-N
O=C1Cc2cc(CCN3CCN(c4nsc5ccccc45)CC3)c(Cl)cc2N1,=,1.0,MVWVFYHBGMAFLY-UHFFFAOYSA-N
CC(=O)Nc1c(I)c(NC(C)=O)c(I)c(C(=O)O)c1I,=,0.26,YVPYQUNUQOZFHG-UHFFFAOYSA-N
CC1SC2C(NC(=O)C(N)c3ccc(O)cc3)C(=O)N2C(C(=O)O)=C1Sc1c[nH]nn1,=,0.22,XWQZHNDELUYAKJ-UHFFFAOYSA-N
O=c1nc[nH]c2[nH]ncc12,=,0.58,OFCNXPDARWKPPY-UHFFFAOYSA-N
O=C1NCC2(CCN(CCc3ccccc3)CC2)O1,=,3.0,FVNFBBAOMBJTST-UHFFFAOYSA-N
CN(C)C(=O)Oc1ccc[n+](C)c1,=,1.1,RVOLLAQWKVFTGE-UHFFFAOYSA-N
CC1=C(C(=O)O)N2C(=O)[C@H](NC(=O)[C@H](N)c3ccccc3)C2SC1,=,0.21,ZAIPMKNFIOOWCQ-SPJRPDJQSA-N
C=CCc1ccccc1OCC(O)CNC(C)C,=,3.2,PAZJSJFMUHDSTF-UHFFFAOYSA-N
CCC(C)C1NC(=O)C(Cc2ccc(OC)cc2)NC(=O)CC(C)(C)SSCC(C(=O)N2CCCC2C(=O)NC(CC(C)C)C(=O)NCC(N)=O)NC(=O)C(CC(N)=O)NC(=O)C(C(C)O)NC1=O,=,6.3,ZXHAQJSRGRIXJY-UHFFFAOYSA-N
COc1ccc(C[C@@H]2c3cc(OC)c(OC)cc3CC[N@@+]2(C)CCC(=O)OCCCCCOC(=O)CC[N@@+]2(C)CCc3cc(OC)c(OC)cc3[C@H]2Cc2ccc(OC)c(OC)c2)cc1OC,=,0.14,YXSLJKQTIDHPOT-LGHDNDGLSA-N
CCOC1(C(C)=O)C=CC(N)=CC1,=,1.4,WQGDZJHNTFMMAG-UHFFFAOYSA-N
C[C@@H](O)[C@H]1C(=O)N2C(C(=O)O)=C(S[C@@H]3CN[C@H](C(=O)N(C)C)C3)[C@H](C)[C@H]12,=,0.3,DMJNNHOOLUXYBV-PQTSNVLCSA-N
CC(=O)O[C@@]12CO[C@@H]1C[C@H](O)[C@@]1(C)C(=O)[C@H](O)C3=C(C)[C@@H](OC(=O)[C@H](O)[C@@H](NC(=O)OC(C)(C)C)c4ccccc4)C[C@@](O)([C@@H](OC(=O)c4ccccc4)[C@@H]12)C3(C)C,=,2.1,ZDZOTLJHXYCWBA-VCVYQWHSSA-N
Cc1ccnc2c1N=C(N)c1cccnc1N2C1CC1,=,1.3,PMFNBEGRVUUDKX-UHFFFAOYSA-N
CCCNC(C)C(=O)Nc1ccccc1C,=,3.7,MVFGUOIZUNYYSO-UHFFFAOYSA-N
O=C1C(CC[S+]([O-])c2ccccc2)C(=O)N(c2ccccc2)N1c1ccccc1,=,0.12,MBGGBVCUIVRRBF-UHFFFAOYSA-N
CC1=C(C(=O)O)N2C(=O)[C@@H](NC(=O)[C@H](N)C3=CCC=CC3)[C@H]2SC1,=,0.21,RDLPVSKMFDYCOR-UEKVPHQBSA-N
N=C(N)c1ccc(CNC(=O)[C@@H]2CCN2C(=O)[C@H](NCC(=O)O)C2CCCCC2)cc1,=,0.23,DKWNMCUOEDMMIN-PKOBYXMFSA-N
CCCN(CCC)S(=O)(=O)c1ccc(C(=O)[O-])cc1,=,0.13,DBABZHXKTCFAPX-UHFFFAOYSA-M
NC(=O)c1ncn([C@@H]2O[C@H](CO)[C@@H](O)C2O)n1,=,14.0,IWUCXVSUMQZMFG-UKAPAXSZSA-N
COc1cc(C2c3cc4c(cc3C(OC3OC5COC(C)OC5C(O)C3N(C)C)C3COC(=O)C23)OCO4)cc(OC)c1O,=,0.3,ZKSNZYLCOXUJIR-UHFFFAOYSA-N
NC12C[C@H]3C[C@H](C1)C[C@@H](C2)C3,=,6.6,DKNWSYNQZKUICI-LXZMWDSTSA-N
CC(CN1c2ccccc2Sc2ccccc21)N(C)C,=,14.0,PWWVAXIEGOYWEE-UHFFFAOYSA-N
O=c1[nH]c2ccccc2n1CCCCl,=,3.4,GUMPYDGUYXOYML-UHFFFAOYSA-N
CN(CCOc1ccc(NS(C)(=O)=O)cc1)CCc1ccc(NS(C)(=O)=O)cc1,=,3.3,IXTMWRCNAAVVAI-UHFFFAOYSA-N
Cc1cccc(C)c1OCC(C)N,=,5.9,VLPIATFUUWWMKC-UHFFFAOYSA-N
CN[C@@H]1[C@H](OC2[C@H](O[C@@H]3[C@@H](N=C(N)N)[C@H](O)[C@@H](N=C(N)N)[C@H](O)[C@H]3O)O[C@@H](C)[C@]2(O)C=O)O[C@@H](CO)[C@H](O)[C@H]1O,=,0.34,UCSJYZPVAKXKNQ-HUOHZKRVSA-N
N[C@@H](Cc1ccccc1)C(=O)O,=,0.48,COLNVLDHVKWLRT-QMMMGPOBSA-N
C/C=C/C[C@@H](C)[C@@H](O)[C@H]1C(=O)N[C@@H](CC)C(=O)N(C)CC(=O)N(C)[C@@H](CC(C)C)C(=O)N[C@@H](C(C)C)C(=O)N(C)[C@@H](CC(C)C)C(=O)N[C@@H](C)C(=O)N[C@H](C)C(=O)N(C)[C@@H](CC(C)C)C(=O)N(C)[C@@H](CC(C)C)C(=O)N(C)[C@@H](C(C)C)C(=O)N1C,=,3.3,PMATZTZNYRCHOR-CGLBZJNRSA-N
CN1Cc2c(N)cccc2C(c2ccccc2)C1,=,6.0,XXPANQJNYNUNES-UHFFFAOYSA-N
CN(C)[C@@H]1C(=O)/C(=C(/N)O)C(=O)[C@@]2(O)C(=O)C3=C(O)c4c(O)ccc(Cl)c4[C@@H](O)[C@H]3C[C@@H]12,=,1.3,HXPZLYXFFSKHJA-GNCUHUTISA-N
C[C@H]1c2cccc(O)c2C(=O)C2=C(O)[C@]3(O)C(=O)C(C(N)=O)=C(O)[C@@H](N(C)C)[C@@H]3[C@@H](O)[C@@H]21,=,0.69,JBIWCJUYHHGXTC-AKNGSSGZSA-N
CC(C)C1N=C(c2ccccc2)c2cc(Cl)ccc2NC1=O,=,1.7,GIUZMTLJQCHDOJ-UHFFFAOYSA-N
O=c1nccc(NF)[nH]1,=,0.68,OFWYDAWNZVVNRO-UHFFFAOYSA-N
Nc1nc(Cl)nc2c1ncn2[C@H]1CC(O)[C@@H](CO)O1,=,7.7,PTOAARAWEBMLNO-YSLANXFLSA-N
O=C(O)c1cc(-c2ccc(F)cc2F)ccc1O,=,0.097,HUPFGZXOMWLGNK-UHFFFAOYSA-N
CCOc1ccc2ccccc2c1NC(=O)[C@@H]1C(=O)N2C(C(=O)[O-])C(C)(C)S[C@H]12,=,0.22,PLIGJUHHTJAZTH-WDOBJEIGSA-M
Nc1c2c(nc3ccccc13)CCCC2,=,11.0,YLJREFDVOIBQDA-UHFFFAOYSA-N
COCCCOc1ccnc(C[S+]([O-])c2nc3ccccc3[nH]2)c1C,=,0.22,YREYEVIYCVEVJK-UHFFFAOYSA-N
NC1[C@@H]2CN(c3nc4c(cc3F)c(=O)c(C(=O)O)cn4-c3ccc(F)cc3F)C[C@H]12,=,1.3,WVPSKSLAZQPAKQ-SOSAQKQKSA-N
Cc1cc(O)c2c(=O)c3c(O)cc(O)c4c5c(O)cc(O)c6c(=O)c7c(O)cc(C)c8c1c2c(c34)c(c78)c65,=,0.25,BTXNYTINYBABQR-UHFFFAOYSA-N
C[C@@H](C=C[C@@H](C)[C@H]1CC[C@H]2C(=CC=C3C[C@@H](O)C[C@H](O)C3)CCC[C@@]21C)C(C)(C)O,=,0.41,BPKAHTKRCLCHEA-FOPGHSPUSA-N
O=c1[nH]cnc2c1ncn2[C@H]1CC[C@@H](CO)O1,=,0.77,BXZVVICBKDXVGW-NKWVEPMBSA-N
CCOC(=O)Nc1ccc(NCc2ccc(F)cc2)nc1N,=,1.1,JUUFBMODXQKSTD-UHFFFAOYSA-N
CON=C(C(=O)NC1C(=O)N2C(C(=O)[O-])=C(CSc3nc(=O)c(=O)[nH]n3C)CSC12)c1csc(N)n1,=,0.085,VAAUVRVFOQPIGI-UHFFFAOYSA-M
CCCCCC/C=C\CCCCCCCCCC(=O)N[C@H]1[C@H](OC[C@H]2O[C@H](OP(=O)(O)O)[C@H](NC(=O)CC(=O)CCCCCCCCCCC)[C@@H](OCCCCCCCCCC)[C@@H]2O)O[C@H](COC)[C@@H](OP(=O)(O)O)[C@@H]1OCC[C@@H](CCCCCCC)OC,=,0.048,BPSMYQFMCXXNPC-MFCPCZTFSA-N
Cc1cnc(NC(=O)C2=C(O)c3ccccc3S(=O)(=O)N2)s1,=,0.15,INYLJXGSWGWXFU-UHFFFAOYSA-N
COc1cc([C@@H]2c3cc4c(cc3[C@@H](O[C@@H]3O[C@H]5CO[C@H](C)O[C@H]5[C@H](O)[C@H]3O)[C@H]3COC(=O)[C@H]23)OCO4)cc(OC)c1O,=,0.18,VJJPUSNTGOMMGY-FDFYAPTKSA-N
CS(=O)(=O)N(CCO)c1c(Cl)c(Cl)cc2[nH]c(=O)c(=O)[nH]c12,=,0.8,BGJHUMNCODFLCH-UHFFFAOYSA-N
CCc1nn(CCCN2CCN(c3cccc(Cl)c3)CC2)c(=O)n1CCOc1ccccc1,=,0.51,VRBKIVRKKCLPHA-UHFFFAOYSA-N
O=C(O[C@H]1CN2CCC1CC2)N1CCc2ccccc2[C@@H]1c1ccccc1,=,8.2,FBOUYBDGKBSUES-VXKWHMMOSA-N
Nc1nc(=O)c2ncn(CCC(CO)CO)c2[nH]1,=,1.1,JNTOCHDNEULJHD-UHFFFAOYSA-N
CC[C@H]1OC(=O)[C@H](C)C(=O)[C@H](C)[C@@H](O[C@@H]2O[C@H](C)C[C@H](N(C)C)[C@H]2O)[C@](C)(OC)C[C@@H](C)C(=O)[C@H](C)[C@H]2N(CCCCn3cnc(-c4cccnc4)c3)C(=O)O[C@]12C,=,3.0,LJVAJPDWBABPEJ-PNUFFHFMSA-N
COC1C(=O)C(C)CC(C)/C=C/C=C/C=C(\C)[C@@H](OC)C[C@@H]2CC[C@@H](C)[C@@](O)(O2)C(=O)C(=O)N2CCCC[C@H]2C(=O)O[C@H]([C@H](C)C[C@@H]2CC[C@@H](n3cnnn3)C(OC)C2)CC(=O)[C@H](C)/C=C(\C)[C@H]1O,=,1.3,CGTADGCBEXYWNE-RKLMHPEASA-N
NC1CCN(c2c(F)cc3c(=O)c(C(=O)O)cn(C4CC4)c3c2Cl)C1,=,1.9,QGPKADBNRMWEQR-UHFFFAOYSA-N
CC(=O)[C@H]1CC[C@H]2[C@@H]3CC[C@@H]4C[C@H](O)CC[C@]4(C)[C@H]3CC[C@]12C,=,2.0,AURFZBICLPNKBZ-YZRLXODZSA-N
CN1CCC[C@@H]1Cc1c[nH]c2ccc(CCS(=O)(=O)c3ccccc3)cc12,=,1.6,PWVXXGRKLHYWKM-LJQANCHMSA-N
Cc1cc(O)c2c(=O)c3c(O)cc(O)c4c5c(O)cc(O)c6c(=O)c7c(O)cc(CO)c8c1c2c(c34)c(c65)c78,=,0.56,YXBUQQDFTYOHQI-UHFFFAOYSA-N
C[C@H](N[C@@H](CCc1ccccc1)C(=O)O)C(=O)N1CCC[C@H]1C(=O)O,=,0.38,LZFZMUMEGBBDTC-QEJZJMRPSA-N
C[C@H]1O[C@H](O[C@@H]2[C@@H](CO)O[C@H](O[C@@H]3[C@@H](CO)O[C@@H](O)[C@H](O)[C@H]3O)[C@H](O)[C@H]2O)[C@H](O)[C@@H](O)[C@@H]1N[C@H]1C=C(CO)[C@@H](O)[C@H](O)[C@H]1O,=,0.32,XUFXOAAUWZOOIT-SXARVLRPSA-N
COc1cc2c3cc1Oc1cc(ccc1O)C[C@@H]1c4c(cc(OC)c(O)c4Oc4ccc(cc4)CC3[NH+](C)CC2)CC[N+]1(C)C,=,0.45,JFJZZMVDLULRGK-YPJJGMIRSA-P
CN(C)c1cc(NC(=O)CNC(C)(C)C)c(O)c2c1C[C@H]1C[C@H]3[C@H](N(C)C)C(O)=C(C(N)=O)C(=O)[C@@]3(O)C(O)=C1C2=O,=,12.0,FPZLLRFZJZRHSY-HJYUBDRYSA-N
CC(C)N(CC(O)c1cc(O)cc(O)c1)c1ccc(O)cc1,=,1.2,OJVMEPTWKHZYNS-UHFFFAOYSA-N
CNC(=C[N+](=O)[O-])NCCSCc1ccc(CN(C)C)o1,=,1.2,VMXUWOKSQNHOCA-UHFFFAOYSA-N
C[C@H]1C[C@H]2[C@@H]3CCC4=CC(=O)C=C[C@]4(C)[C@]3(F)[C@H](O)C[C@]2(C)[C@]1(O)C(=O)CO,=,1.3,UREBDLICKHMUKA-AMDXKQBSSA-N
Cc1cccc(C)c1NC(=O)NCCCNC(C)C,=,1.4,WHJSFPCTWYLZRC-UHFFFAOYSA-N
C[C@](N)(Cc1ccc(O)c(O)c1)C(=O)O,=,0.69,CJCSPKMFHVPWAR-JTQLQIEISA-N
COc1nc(N)nc2c1ncn2[C@@H]1O[C@H](CO)C(O)C1O,=,4.9,IXOXBSCIXZEQEQ-DGPXGRDGSA-N
COc1cc(NS(C)(=O)=O)ccc1Cc1c2ccccc2nc2ccccc12,=,1.6,JRNUZHHDXNSOMO-UHFFFAOYSA-N
NC(=O)[NH+][O-],=,0.52,XFZVSYLPALJWAT-UHFFFAOYSA-N
O=C(CCC[NH+]1CCC(O)(c2ccc(Cl)cc2)CC1)c1ccc(F)cc1,=,17.0,LNEPOXFFQSENCJ-UHFFFAOYSA-O
COC(=O)C1=C(C)NC(C)=C(C(=O)OCCN(C)Cc2ccccc2)C1c1cccc([N+](=O)[O-])c1,=,1.0,ZBBHBTPTTSWHBA-UHFFFAOYSA-N
O=C1CCc2ccc(OCCCCN3CCN(c4cccc(Cl)c4Cl)CC3)cc2N1,=,4.9,CEUORZQYGODEFX-UHFFFAOYSA-N
CC(=O)OC1CC2CCC3C(CCC4(C)C3CC([N+]3(C)CCCCC3)C4OC(C)=O)C2(C)CC1N1CCCCC1,=,0.15,BGSZAXLLHYERSY-UHFFFAOYSA-N
CN1CCN(c2c(F)cc3c(=O)c(C(=O)O)cn(CCF)c3c2F)CC1,=,1.6,XBJBPGROQZJDOJ-UHFFFAOYSA-N
CC1(C)S[C@@H]2[C@H](NC(=O)COc3ccccc3)C(=O)N2[C@H]1C(=O)O,=,0.41,BPLBGHOLXOTWMN-MBNYWOFBSA-N
CCCC(=O)N1CCCN(c2nc(N)c3cc(OC)c(OC)cc3n2)CC1,=,0.72,RHLJLALHBZGAFM-UHFFFAOYSA-N
CN1[C@H]2C[C@@H](OC(=O)[C@H](CO)c3ccccc3)C[C@@H]1[C@@H]1O[C@@H]12,=,3.1,STECJAGHUSJQJN-AQGHMYMLSA-N
COc1ccc2c(c1)c(CC(=O)[O-])c(C)n2C(=O)c1ccc(Cl)cc1,=,0.096,CGIGDMFJXJATDK-UHFFFAOYSA-M
CC1=C(C(=O)O)N2C(=O)[C@@H](NC(=O)[C@H](N)c3ccc(O)cc3)[C@H]2SC1,=,0.23,BOEGTKLJZSQCCD-UEKVPHQBSA-N
CNCCCC12CCC(c3ccccc31)c1ccccc12,=,45.0,QSLMDECMDJKHMQ-UHFFFAOYSA-N
CC[C@H](OC(C)=O)C(C[C@H](C)N(C)C)(c1ccccc1)c1ccccc1,=,8.3,XBMIVRRWGCYBTQ-AVRDEDQJSA-N
COC(=O)C1=C(C)NC(C)=C(C(=O)OCCCN2CCC(c3ccccc3)(c3ccccc3)CC2)[C@@H]1c1cccc([N+](=O)[O-])c1,=,8.4,SVJMLYUFVDMUHP-MGBGTMOVSA-N
CC(C(=O)O)c1cccc(C(=O)c2ccccc2)c1,=,0.13,DKYWVDODHFEZIM-UHFFFAOYSA-N
CC1CCN(CCCC(=O)c2ccc(F)cc2)CC1,=,14.0,DKMFBWQBDIGMHM-UHFFFAOYSA-N
CCCCCN(C)CCC(O)(P(=O)(O)O)P(=O)(O)O,=,0.55,MPBVHIBUJCELCL-UHFFFAOYSA-N
COCC(=O)O[C@]1(CCN(C)CCCc2nc3ccccc3[nH]2)CCc2cc(F)ccc2[C@@H]1C(C)C,=,3.1,HBNPJJILLOYFJU-VMPREFPWSA-N
OC(Cn1cncn1)(Cn1cncn1)c1ccc(F)cc1F,=,0.75,RFHAOTPXVQNOHP-UHFFFAOYSA-N
[2H]C1([2H])N(C2CCN(C(=O)Oc3ccc4nc5c(c(CC)c4c3)Cn3c-5cc4c(c3=O)COC(=O)C4(O)CC)CC2)C([2H])([2H])C([2H])([2H])C([2H])([2H])C1([2H])[2H],=,3.5,UWKQSNNFCGGAFS-KPVZPXKXSA-N
O=C(O)Cc1ccccc1Nc1c(Cl)cccc1Cl,=,0.22,DCOPUUMXTXDBNB-UHFFFAOYSA-N
COc1ccc(C(=O)Nc2ccccc2CCC2CCCCN2C)cc1,=,2.2,PJWPNDMDCLXCOM-UHFFFAOYSA-N
N#Cc1ccc2c(c1)CN(S(=O)(=O)c1cccs1)C(Cc1ccccc1)CN2Cc1cnc[nH]1,=,0.84,OLCWFLWEHWLBTO-UHFFFAOYSA-N
CON=C(C(=O)N[C@@H]1C(=O)N2C(C(=O)O)=C(COC(C)=O)CS[C@H]12)c1csc(N)n1,=,0.19,GPRBEKHLDVQUJE-QMTHXVAHSA-N
CCCCC/C=C/CCC(=O)NC1C(Oc2c3cc4cc2Oc2ccc(cc2Cl)C(OC2OC(CO)C(O)C(O)C2NC(C)=O)C2NC(=O)C(NC(=O)C4NC(=O)C4NC(=O)C(NC(=O)C(N)c5ccc(O)c(c5)Oc5cc4cc(O)c5C)C(O)c4ccc(c(Cl)c4)O3)c3ccc(O)c(c3)-c3c(OC4OC(CO)C(O)C(O)C4O)cc(O)cc3C(C(=O)OC)NC2=O)OC(CO)C(O)C1O,=,1.5,LCTCUBQFWLTHNS-MDZDMXLPSA-N
CN1[C@H]2CC[C@@H]1C[C@H](OC(=O)C(CO)c1ccccc1)C2,=,3.3,RKUNBYITZUJHSG-SPUOUPEWSA-N
C[C@H](CCc1ccccc1)NC[C@@H](O)c1ccc(O)c(C(N)=O)c1,=,4.8,SGUAFYQXFOLMHL-FZKQIMNGSA-N
c1ccc2c(c1)OCC(C1=NCCN1)O2,=,3.3,HPMRFMKYPGXPEP-UHFFFAOYSA-N
CCCC[C@H](CN(O)C=O)C(=O)N[C@H](C(C)=O)C(C)(C)C,=,1.1,VUMMRHDUGBAWSA-CHWSQXEVSA-N
CNC1=Nc2ccc(Cl)cc2C(c2ccccc2)=[N+](O)C1,=,0.25,BUCORZSTKDOEKQ-UHFFFAOYSA-O
C[N+]1(CC2CC2)CC[C@]23c4c5ccc(O)c4O[C@H]2C(=O)CC[C@@]3(O)[C@H]1C5,=,2.6,JVLBPIPGETUEET-GAAHOAFPSA-O
CN1CCN(CCCN2c3ccccc3Sc3ccc(Cl)cc32)CC1,=,22.0,WIKYUJGCLQQFNW-UHFFFAOYSA-N
CC(=O)Oc1ccccc1C(=O)O,=,0.22,BSYNRYMUTXBXSQ-UHFFFAOYSA-N
CCN(C)C(=O)Oc1cccc([C@H](C)N(C)C)c1,=,1.3,XSVMFMHYUFZWBK-NSHDSACASA-N
COC(=O)Nc1nc2cc(C(=O)c3ccccc3)ccc2[nH]1,=,1.2,OPXLLQIJSORQAM-UHFFFAOYSA-N
CCN(CC)CCNC(=O)c1cc(Cl)c(N)cc1OC,=,3.2,TTWJBBZEZQICBI-UHFFFAOYSA-N
CN1C(=O)CN=C(c2ccccc2)c2cc(Cl)ccc21,=,1.0,AAOVKJBEBIDNHE-UHFFFAOYSA-N
Cn1nnnc1SCC1=C(C(=O)[O-])N2C(=O)C(NC(=O)C(O)c3ccccc3)C2SC1,=,0.16,OLVCFLKTBJRLHI-UHFFFAOYSA-M
O=C(NCCNCC(O)COc1ccc(O)cc1)N1CCOCC1,=,0.64,DXPOSRCHIDYWHW-UHFFFAOYSA-N
NS(=O)(=O)c1cc(C(=O)O)c(NCc2ccco2)cc1Cl,=,0.12,ZZUFCTLCJUWOSV-UHFFFAOYSA-N
CC(C)(C)CCCCCCCCN,=,0.32,YZHGXHWIBUSYOW-UHFFFAOYSA-N
CO[C@@]1(NC(=O)C2SC(=C(C(N)=O)C(=O)O)S2)C(=O)N2C(C(=O)O)=C(CSc3nnnn3C)CS[C@@H]21,=,0.13,SRZNHPXWXCNNDU-RHBCBLIFSA-N
CO[C@H]1/C=C/O[C@@]2(C)Oc3c(C)c(O)c4c(c3C2=O)C2=NC3(CCN(CC(C)C)CC3)NC2=C(NC(=O)/C(C)=C\C=C\[C@H](C)[C@H](O)[C@@H](C)[C@@H](O)[C@H](C)[C@H](OC(C)=O)[C@H]1C)C4=O,=,9.3,ATEBXHFBFRCZMA-GKADUICLSA-N
CC(C)NCC(O)COc1ccc(COCCOC(C)C)cc1,=,2.4,VHYCDWMUTMEGQY-UHFFFAOYSA-N
O=C(OC1CC2CC3C[C@H](C1)N2CC3=O)c1c[nH]c2ccccc12,=,2.0,UKTAZPQNNNJVKR-DBBXXEFVSA-N
CC(C)(C)NC(=O)[C@H]1CC[C@H]2[C@@H]3CC=C4C=C(C(=O)O)CC[C@]4(C)[C@H]3CC[C@]12C,=,0.54,VAPSMQAHNAZRKC-PQWRYPMOSA-N
O=C[C@H](O)CO,=,2.7,MNQZXJOMYWMBOU-VKHMYHEASA-N
CCCNCC(O)COc1ccccc1C(=O)CCc1ccccc1,=,2.2,JWHAUXFOSRPERK-UHFFFAOYSA-N
COc1ccc2[nH]c([S+]([O-])Cc3ncc(C)c(OC)c3C)nc2c1,=,0.24,SUBDBMMJDZJVOS-UHFFFAOYSA-N
CN(C)[C@@H]1C(O)=C(C(N)=O)C[C@@]2(O)C(O)=C3C(=O)c4c(O)cccc4[C@@](C)(O)C3C(O)[C@@H]12,=,1.7,MIPLPHCHOSAKNB-DTNUDMNXSA-N
NCCC(O)(P(=O)(O)O)P(=O)(O)O,=,1.8,WRUUGTRCQOWXEG-UHFFFAOYSA-N
Cn1cc(NC(=O)Nc2cc(C(=O)Nc3cc(C(=O)Nc4ccc5cc(S(=O)(=O)[O-])cc(S(=O)(=O)[O-])c5c4)n(C)c3)n(C)c2)cc1C(=O)Nc1cc(C(=O)Nc2ccc3cc(S(=O)(=O)[O-])cc(S(=O)(=O)[O-])c3c2)n(C)c1,=,0.27,WQHXQLSSMJYNOJ-UHFFFAOYSA-J
CS(=O)(=O)OCCCCOS(C)(=O)=O,=,0.55,COVZYZSDYWQREU-UHFFFAOYSA-N
CC(C)c1nc(N(C)S(C)(=O)=O)nc(-c2ccc(F)cc2)c1/C=C/C(O)C[C@H](O)CC(=O)O,=,1.7,BPRHUIZQVSMCRT-RUEVOVDXSA-N
COc1cc2c(N)nc(N3CCN(C(=O)OCC(C)(C)O)CC3)nc2c(OC)c1OC,=,0.18,YNZXWQJZEDLQEG-UHFFFAOYSA-N
COc1cc(NCc2ccc3nc(N)nc(N)c3c2C)cc(OC)c1OC,=,0.77,NOYPYLRCIDNJJB-UHFFFAOYSA-N
CC(=O)Nc1ccc(O)cc1,=,1.0,RZVAJINKPMORJF-UHFFFAOYSA-N
N[C@H](C(=O)O)[C@@H]1CC(Cl)=NO1,=,0.5,QAWIHIJWNYOLBE-OKKQSCSOSA-N
CN1C(=O)NC(=O)C(C)(C2=CCCCC2)C1=O,=,1.1,UYXAWHWODHRRMR-UHFFFAOYSA-N
N=C1NC(=O)/C(=C/c2ccnc3ccccc23)S1,=,1.1,MBHBIJDGRZJPJU-XFFZJAGNSA-N
CN(C)C(=O)Oc1cc(OC(=O)N(C)C)cc(C(O)CNC(C)(C)C)c1,=,1.6,ANZXOIAKUNOVQU-UHFFFAOYSA-N
CCN(CC)CCC[C@@H](C)Nc1c2ccc(Cl)cc2nc2ccc(OC)cc12,=,45.0,GPKJTRJOBQGKQK-MRXNPFEDSA-N
O=C(O)c1cn(C2CC2)c2cc(N3CCNCC3)c(F)cc2c1=O,=,2.1,MYSWGUAQZAJSOK-UHFFFAOYSA-N
O=C([O-])C1(C(=O)[O-])CCC1,=,0.26,CCQPAEQGAVNNIA-UHFFFAOYSA-L
[2H]C([2H])([2H])C(=O)NC1C(N)CC(C(=O)O)=CC1OC(CC)CC,=,0.37,NENPYTRHICXVCS-HPRDVNIFSA-N
O[C@H](CNC[C@@H](O)[C@H]1CCc2cc(F)ccc2O1)[C@@H]1CCc2cc(F)ccc2O1,=,11.0,KOHIRBRYDXPAMZ-YHBROIRLSA-N
O=C(OC1Cc2c(O)cc(O)c(C3c4c(O)cc(O)cc4OC(c4ccc(O)c(O)c4)C3OC(=O)c3cc(O)c(O)c(O)c3)c2OC1c1ccc(O)c(O)c1)c1cc(O)c(O)c(O)c1,=,0.75,KTLUHRSHFRODPS-UHFFFAOYSA-N
CCC(=O)N(c1ccccc1)C1(COC)CCN(CCc2cccs2)CC1,=,9.4,GGCSSNBKKAUURC-UHFFFAOYSA-N
CCCC1OC2(C[C@H]3[C@@H]4CCC5=CC(=O)C=C[C@]5(C)[C@H]4[C@@H](O)C[C@]3(C)C2C(=O)CO)O1,=,3.9,NTNHWEIEPRBHMJ-WYXCECBBSA-N
CCCc1nc(C)c2c(=O)nc(-c3cc(S(=O)(=O)N4CCN(CC)CC4)ccc3OCC)[nH]n12,=,3.0,SECKRCOLJRRGGV-UHFFFAOYSA-N
O=C(CCCCCCC(=O)Nc1ccccc1)NO,=,0.5,WAEXFXRVDQXREF-UHFFFAOYSA-N
CNC(C)[C@@H]1CC[C@@H](N)[C@@H](O[C@@H]2[C@@H](N)C[C@@H](N)[C@H](O[C@H]3OC[C@](C)(O)[C@H](NC)[C@H]3O)[C@H]2O)O1,=,0.33,CEAZRRDELHUEMR-URQXQFDESA-N
Cc1ncc([N+](=O)[O-])n1C(C)O,=,0.4,VUANVTIMGVANQP-UHFFFAOYSA-N
O=C(O)C1=C/C(=N\Nc2ccc(O)c(C(=O)O)c2)C=CC1=O,=,0.07,ULGVHUUBIHTFAM-PXNMLYILSA-N
C[C@H](Cn1cnc2c(N)ncnc21)OCP(=O)(O)O,=,0.83,SGOIRFVFHAKUTI-ZCFIWIBFSA-N
COCC(=O)Nc1c(I)c(C(N)=O)c(I)c(C(=O)NCC(O)CO)c1I,=,0.22,LRDUZSWGOGRJCK-UHFFFAOYSA-N
O=C1c2ccccc2S(=O)(=O)N1CCCCNC[C@H]1CCc2ccccc2O1,=,0.21,YGYBFMRFXNDIPO-QGZVFWFLSA-N
CCc1cccc2cc(C(O)CNC(C)(C)C)oc12,=,1.7,SSEBTPPFLLCUMN-UHFFFAOYSA-N
CC1=C(CO)C2=C(C)C3(CC3)[C@@](C)(O)C(=O)C2=C1,=,3.1,NICJCIQSJJKZAH-AWEZNQCLSA-N
[2H]C([2H])([2H])n1nc(C(=O)N[C@@H]2C[C@@H]3CCC[C@H](C2)N3C)c2ccccc21,=,3.7,MFWNKCLOYSRHCJ-JQHPXDLNSA-N
CC1(C)O[C@@H]2CC3[C@@H]4CCC5=CC(=O)C=C[C@]5(C)C4(F)[C@@H](O)C[C@]3(C)C2(C(=O)CO)O1,=,1.4,YNDXUCZADRHECN-ISLBBTSASA-N
CC(C)(C)C(=O)OCOC(=O)C1N2C(=O)[C@@H](/N=C/N3CCCCCC3)[C@H]2SC1(C)C,=,0.37,NPGNOVNWUSPMDP-LRKSUFLFSA-N
O=c1c(O)c(-c2ccc(O)c(O)c2)oc2cc(O)cc(O)c12,=,0.12,REFJWTPEDVJJIY-UHFFFAOYSA-N
Cc1ccccc1OCC(O)CNCCOc1ccc(C(N)=O)cc1,=,4.0,SKQDKFOTIPJUSV-UHFFFAOYSA-N
CCC1C(C)=NN=C(c2ccc(OC)c(OC)c2)c2cc(OC)c(OC)cc21,=,0.12,RUJBDQSFYCKFAA-UHFFFAOYSA-N
CC(CC(c1ccccc1)c1ccccc1)NC(C)(C)C,=,5.1,UISARWKNNNHPGI-UHFFFAOYSA-N
COc1cc2c(c(OC)c1OC)-c1ccc(OC)c(=O)cc1[C@@H](C(C)=O)CC2,=,6.1,UZYVHGGUESXZMN-CQSZACIVSA-N
C#C[C@@]1(O)CCC2[C@@H]3CCC4=CC(=O)CC[C@@H]4C3CC[C@@]21CC,=,1.5,WWYNJERNGUHSAO-GTVOAPJKSA-N
CCC1(O)C(=O)OCc2c1cc1n(c2=O)Cc2cc3c(CN(C)C)c(O)ccc3[nH+]c2-1,=,1.8,UCFGDBYHRUNTLO-UHFFFAOYSA-O
CN(C)[C@@H]1C(=O)/C(=C(\N)O)C(=O)[C@@]2(O)C(=O)C3=C(O)c4c(O)ccc(Cl)c4[C@@](C)(O)C3C[C@@H]12,=,0.9,WKZUQOQLOHMCQC-AQLRPVJISA-N
N=C(N)N1CCCC(CNC(=O)C[C@H](NS(=O)(=O)c2ccc3ccccc3c2)C(=O)N(CC(=O)O)C2CC2)C1,=,0.36,BYDKEYCXCIVOOV-UGNFMNBCSA-N
C[NH+]1CCN2c3[nH+]cccc3Cc3ccccc3[C@@H]2C1,=,4.2,RONZAEMNMFQXRA-INIZCTEOSA-P
CN(C)Cc1nnc2n1-c1ccc(Cl)cc1C(c1ccccc1)=NC2,=,0.98,GJSLOMWRLALDCT-UHFFFAOYSA-N
CN(C)CCc1c[nH]c2ccc(Cn3cncn3)cc12,=,1.9,ULFRLSNUDGIQQP-UHFFFAOYSA-N
CN(C)CCCN1c2ccccc2CCc2ccc(Cl)cc21,=,140.0,GDLIGKIOYRNHDA-UHFFFAOYSA-N
CN(C)[C@@H]1C(=O)/C(=C(/O)NCN2CCCC2)C(=O)[C@@]2(O)C(=O)C3=C(O)c4c(O)cccc4[C@@](C)(O)C3C[C@@H]12,=,0.54,YHDPWEWZPGTMMU-DLPVWNROSA-N
Cn1nnc2c(C(N)=O)ncn2c1=O,=,0.5,BPEGJWRSRHCHSN-UHFFFAOYSA-N
[2H]C([2H])([2H])C([2H])([2H])Cc1cc(=O)[nH]c(=S)[nH]1,=,0.34,KNAHARQHSZJURB-ZBJDZAJPSA-N
O=C([O-])O,=,0.62,BVKZGUZCCUSVTD-UHFFFAOYSA-M
CC1(C)S[C@@H]2[C@H](NC(=O)C(C(=O)O)c3ccsc3)C(=O)N2[C@H]1C(=O)O,=,0.16,OHKOGUYZJXTSFX-IRHHVTTKSA-N
CC(C)N1CCC(N(C(=O)Cc2ccccc2)c2ccc(Cl)cc2)CC1,=,6.6,XHOJAWVAWFHGHL-UHFFFAOYSA-N
CC(=O)OCC1=C(C(=O)[O-])N2C(=O)C(NC(=O)Cc3cccs3)C2SC1,=,0.07,XIURVHNZVLADCM-UHFFFAOYSA-M
Clc1ccc2nsnc2c1NC1=NCCN1,=,2.4,XFYDIVBRZNQMJC-UHFFFAOYSA-N
CC(C)(C)NC(=O)[C@H]1CC[C@H]2[C@@H]3CC[C@H]4NC(=O)C=C[C@]4(C)[C@H]3CC[C@]12C,=,1.1,DBEPLOCGEIEOCV-WSBQPABSSA-N
Cc1nccn1CC1CCc2c(c3ccccc3n2C)C1=O,=,1.8,FELGMEQIXOGIFQ-UHFFFAOYSA-N
Cn1cc[nH]c1=S,=,0.86,PMRYVIKBURPHAH-UHFFFAOYSA-N
[2H]c1c([2H])c([2H])c2c(=O)n(C3CCCN(C)CC3)nc(Cc3ccc(Cl)cc3)c2c1[2H],=,15.0,MBUVEWMHONZEQD-USSMZTJJSA-N
C[C@]12CC[C@@H]3c4ccc(OC(=O)N(CCCl)CCCl)cc4CC[C@H]3[C@@H]1CC[C@@H]2OP(=O)(O)O,=,0.12,ADFOJJHRTBFFOF-RBRWEJTLSA-N
CO[C@H]1C[C@@H]2CC[C@@H](C)[C@@](O)(O2)C(=O)C(=O)N2CCCC[C@H]2C(=O)O[C@H]([C@H](C)C[C@@H]2CC[C@@H](OC(=O)C(C)(CO)CO)[C@H](OC)C2)CC(=O)[C@H](C)/C=C(\C)[C@@H](O)[C@@H](OC)C(=O)[C@H](C)C[C@H](C)/C=C/C=C/C=C/1C,=,3.0,CBPNZQVSJQDFBE-FUXHJELOSA-N
CC[N+](C)(C)c1cccc(O)c1,=,1.1,VWLHWLSRQJQWRG-UHFFFAOYSA-O
Cc1onc(-c2c(Cl)cccc2Cl)c1C(=O)NC1C(=O)N2C1SC(C)(C)C2C(=O)O,=,0.11,YFAGHNZHGGCZAX-UHFFFAOYSA-N
Nc1ccn([C@@H]2CS[C@H](CO)O2)c(=O)n1,=,1.3,JTEGQNOMFQHVDC-NKWVEPMBSA-N
Cc1cc(C(=O)NS(=O)(=O)c2ccc(N)cc2)no1,=,0.3,VDGAVQMXNATRGM-UHFFFAOYSA-N
O=C(NC1CCN(CCc2c[nH]c3ccccc23)CC1)c1ccccc1,=,4.9,JXZZEXZZKAWDSP-UHFFFAOYSA-N
COc1cc(OC)c(C(=O)CCCN2CCCC2)c(OC)c1,=,1.3,OWYLAEYXIQKAOL-UHFFFAOYSA-N
Cn1c(=O)c2c(ncn2C)n(C)c1=O,=,0.63,RYYVLZVUVIJVGH-UHFFFAOYSA-N
CC(C)n1c(C=CC(O)CC(O)CC(=O)[O-])c(-c2ccc(F)cc2)c2ccccc21,=,0.42,FJLGEFLZQAZZCD-UHFFFAOYSA-M
O=P1(N(CCCl)CCCl)NCCCO1,=,0.73,CMSMOCZEIVJLDB-UHFFFAOYSA-N
CCOC(=O)c1ncn2c1CN(C)C(=O)c1cc(F)ccc1-2,=,0.8,OFBIFZUFASYYRE-UHFFFAOYSA-N
CC(=O)N[C@H](Cc1ccc2ccccc2c1)C(=O)N(C(=O)[C@@H]1CCCN1C(=O)[C@H](CCCNC(=N)N)NC(=O)[C@H](CC(C)C)NC(=O)[C@H](N)CCCNC(N)=O)[C@H](C)C(=O)N(C(=O)[C@H](Cc1ccc(O)cc1)NC(=O)[C@H](CO)NC(=O)[C@H](N)Cc1cccnc1)C(=O)[C@H](N)Cc1ccc(Cl)cc1,=,0.39,YLUGRSUNOJJSHV-DBPJNJIWSA-N
C=C1N=C(CN2CCO[C@@H](O[C@@H](C)c3cc(C(F)(F)F)cc(C(F)(F)F)c3)[C@H]2c2ccc(F)cc2)NN1,=,0.94,VSEBZPDGARNVML-QYDGOFIISA-N
O=C(O)CCCc1ccc(N(CCCl)CCCl)cc1,=,0.26,JCKYGMPEJWAADB-UHFFFAOYSA-N
C#C[C@]1(O)CCC2[C@@H]3CCc4cc(O)ccc4C3CC[C@@]21C,=,4.3,BFPYWIDHMRZLRN-RUDWHLCBSA-N
[2H]C1([2H])N(C(=O)C[C@@H](N)Cc2cc(F)c(F)cc2F)Cc2nnc(C(F)(F)F)n2C1([2H])[2H],=,2.8,MFFMDFFZMYYVKS-MZAYRJRESA-N
CNC(=O)c1cccc2c(Nc3ccc(NS(C)(=O)=O)cc3OC)c3cccc(C)c3nc12,=,0.3,TWHSQQYCDVSBRK-UHFFFAOYSA-N
CCN(CC)C(=O)/C(C#N)=C/c1cc(O)c(O)c([N+](=O)[O-])c1,=,0.27,JRURYQJSLYLRLN-BJMVGYQFSA-N
CC(C)(ON=C(C(=O)N[C@@H]1C(=O)N2C(C(=O)[O-])=C(C[n+]3ccccc3)CS[C@H]12)c1csc(N)n1)C(=O)O,=,0.31,ORFOPKXBNMVMKC-RDTXWAMCSA-N
CCC(=O)NS(=O)(=O)c1ccc(-c2c(-c3ccccc3)noc2C)cc1,=,1.5,TZRHLKRLEZJVIJ-UHFFFAOYSA-N
O=C(O)CCNC(=O)c1ccccc1,=,0.28,CWXYHOHYCJXYFQ-UHFFFAOYSA-N
CNCCC=C1c2ccccc2CCc2ccccc21,=,22.0,PHVGLTMQBUFIQQ-UHFFFAOYSA-N
CC(=O)O[C@H]1CC2CCC3C(CC[C@@]4(C)C3C[C@H](N3CC[N+](C)(C)CC3)[C@@H]4OC(C)=O)[C@@]2(C)C[C@@H]1N1CC[N+](C)(C)CC1,=,0.35,OWWLUIWOFHMHOQ-KVGXDKSVSA-N
CC(C)(C)NCC(O)COc1ccc(NC(=O)NC2CCCCC2)cc1,=,3.3,MXFWWQICDIZSOA-UHFFFAOYSA-N
Oc1ccc2c(c1)[C@@]13CCCC[C@@]1(O)[C@@H](C2)N(CC1CCC1)CC3,=,12.0,IFKLAQQSCNILHL-QHAWAJNXSA-N
c1ccc(C2(N3CCCCC3)CCCCC2)cc1,=,6.9,JTJMJGYZQZDUJJ-UHFFFAOYSA-N
CCCC(C)C1(CC)C(=O)N=C([O-])NC1=O,=,0.91,WEXRUCMBJFQVBZ-UHFFFAOYSA-M
Nc1nc(F)nc2c1ncn2[C@@H]1O[C@H](CO)C(O)C1O,=,2.2,HBUBKKRHXORPQB-VKJDSPIKSA-N
CCOC(=O)C(=O)c1ccc(C(C)(C)C)cc1,=,0.25,VQDPLASXAHWKJX-UHFFFAOYSA-N
C[C@@H](O)[C@H]1C(=O)N2C(C(=O)[O-])=C(SCCOC(N)=O)S[C@H]12,=,0.3,LVCPLOQIOKEULU-GLDDHUGJSA-M
CN1C(=O)C(O)N=C(c2ccccc2Cl)c2cc(Cl)ccc21,=,1.6,FJIKWRGCXUCUIG-UHFFFAOYSA-N
CN1C(=O)C(O)C[C@H]1c1cccnc1,=,0.85,XOKCJXZZNAUIQN-IENPIDJESA-N
CCCC(C)CC1(CC)C(=O)N=C([S-])NC1=O,=,1.2,KXJINQNQZLEEJC-UHFFFAOYSA-M
CCOC(=O)C1(c2ccccc2)CCN(C)CC1,=,2.3,XADCESSVHJOZHK-UHFFFAOYSA-N
CSCO[C@H]1C[C@H]2OC[C@@]2(OC(C)=O)[C@H]2[C@H](OC(=O)c3ccccc3)[C@]3(O)C[C@H](OC(=O)[C@H](O)[C@@H](NC(=O)c4ccccc4)c4ccccc4)C(C)=C([C@@H](OC(C)=O)C(=O)[C@]12C)C3(C)C,=,11.0,UBJAHGAUPNGZFF-XOVTVWCYSA-N
COC(=O)C1=C(C)N(C)C(C)=C(C(=O)OC)C1c1cccc(C)c1[N+](=O)[O-],=,0.79,FVZVWQIZIMBLIE-UHFFFAOYSA-N
CC1=NS(=O)(O)=c2cc(Cl)ccc2=N1,=,0.21,JEPPHNFUVBTYKM-UHFFFAOYSA-N
COc1cc(C[C@H]2c3c(cc(OC)c(OC)c3OC)CC[N@+]2(C)CCCOC(=O)CCC(=O)OCCC[N@+]2(C)CCc3cc(OC)c(OC)c(OC)c3[C@H]2Cc2cc(OC)c(OC)c(OC)c2)cc(OC)c1OC,=,0.22,GBLRQXKSCRCLBZ-IYQFLEDGSA-N
CCCCCNC(=N)N/N=C/c1c[nH]c2ccc(OC)cc12,=,5.3,IKBKZGMPCYNSLU-RGVLZGJSSA-N
COc1cc2c(cc1O)CCN[C@]21CCS[C@@H]2c3c(OC(C)=O)c(C)c4c(c3[C@H](COC1=O)N1[C@@H](O)[C@@H]3Cc5cc(C)c(OC)c(O)c5[C@H]([C@H]21)N3C)OCO4,=,25.0,AXYPHJWOKPNXAX-IZQXKXCFSA-N
CN[C@@H](C)Cc1ccccc1,=,4.3,MYWUZJCMWCOHBA-VIFPVBQESA-N
C=C[C@H]1C[NH+]2CC[C@@H]1C[C@@H]2[C@@H](O)c1ccnc2ccc(OC)cc12,=,2.9,LOUPRKONTZGTKE-SMHQJORMSA-O
CN/C(=N\C#N)NCC[S](C)c1[nH]cnc1C,=,1.2,PARMIMWCFHSUGD-UHFFFAOYSA-N
CCc1nc(N)nc(N)c1-c1ccc(Cl)cc1,=,0.43,WKSAUQYGYAYLPV-UHFFFAOYSA-N
Nc1c(CC(=O)O)cccc1C(=O)c1ccc(Br)cc1,=,0.11,ZBPLOVFIXSTCRZ-UHFFFAOYSA-N
O=P(O)(O)C(O)(Cc1cccnc1)P(=O)(O)O,=,6.3,IIDJRNMFWXDHID-UHFFFAOYSA-N
CC[C@H]1OC(=O)[C@H](C)[C@@H](O[C@H]2C[C@@](C)(OC)[C@@H](O)[C@H](C)O2)[C@H](C)[C@@H](O[C@@H]2O[C@H](C)C[C@H](N(C)C)[C@H]2O)[C@](C)(O)C[C@@H](C)CN(C)[C@H](C)[C@@H](O)[C@]1(C)O,=,33.0,MQTOSJVFKKJCRP-BICOPXKESA-N
CC1CCCC(C)N1CCCC(O)(c1ccccc1)c1ccccn1,=,1.4,APUDBKTWDCXQJA-UHFFFAOYSA-N
O=C1CN=C(c2ccccn2)c2cc(Br)ccc2N1,=,0.85,VMIYHDSEFNYJSL-UHFFFAOYSA-N
CCC1(c2ccccc2)C(=O)NC(=O)NC1=O,=,0.54,DDBREPKUVSBGFI-UHFFFAOYSA-N
CNS(=O)(=O)CCc1ccc2[nH]ccc2c1,=,2.4,PPXMUBLAPJLGNE-UHFFFAOYSA-N
CC(C)(C)NC(=O)[C@@H]1C[C@@H]2CCCC[C@@H]2CN1C[C@@H](O)[C@H](Cc1ccccc1)NC(=O)[C@H](CC(N)=O)NC(=O)c1ccc2ccccc2n1,=,3.6,QWAXKHKRTORLEM-UGJKXSETSA-N
C=CCN1CCCC1CNC(=O)c1cc2nn[nH]c2cc1OC,=,1.6,KSEYRUGYKHXGFW-UHFFFAOYSA-N
C#C[C@]1(O)C=C[C@H]2[C@@H]3CCC4=CC(=O)CC[C@@H]4[C@H]3CC[C@@]21CC,=,0.46,SIGSPDASOTUPFS-XUDSTZEESA-N
O=C(O)P(=O)(O)O,=,0.5,ZJAOAACCNHFJAH-UHFFFAOYSA-N
CCN1C[C@@H]2CN(C)C[C@H](C1)C2OC(=O)c1ccc(Cl)cc1,=,9.0,PMCPYLGCPSNSLS-MZBDJJRSSA-N
Cn1c(=O)c2c(ncn2C[C@H](O)CO)n(C)c1=O,=,0.42,KSCFJBIXMNOVSH-LURJTMIESA-N
N=C(N)c1ccc(C(=O)N[C@@H](Cc2ccc(O)cc2)C(=O)N2CCC(OCC(=O)O)CC2)cc1,=,0.29,FPKOGTAFKSLZLD-FQEVSTJZSA-N
CC(=O)CCCCn1c(=O)c2c(ncn2C)n(C)c1=O,=,1.8,BYPFEZZEUUWMEJ-UHFFFAOYSA-N
CCC1=CC2CN(CCc3c([nH]c4ccccc34)[C@@](C(=O)OC)(c3cc4c(cc3OC)N(C)C3[C@@](O)(C(=O)OC)[C@H](OC(C)=O)[C@]5(CC)C=CCN6CC[C@]43[C@@H]65)C2)C1,=,12.0,FFRFGVHNKJYNOV-YQQWXOIBSA-N
NCCCNc1ccc2c(CNCCO)nn3c4c(O)ccc(O)c4c(=O)c1c23,=,12.0,IQCIQDNWBGEGRL-UHFFFAOYSA-N
CC[C@]1(O)C[C@H]2CN(CCc3c([nH]c4ccccc34)[C@@](C(=O)OC)(c3cc4c(cc3OC)N(C=O)[C@H]3[C@@](O)(C(=O)OC)[C@H](OC(C)=O)[C@]5(CC)C=CCN6CC[C@]43[C@@H]65)C2)C1,=,2.4,OGWKCGZFUXNPDA-XQKSVPLYSA-N
CN(C)CCCN1c2ccccc2Sc2ccccc21,=,8.1,ZGUGWUXLJSTTMA-UHFFFAOYSA-N
Cc1cnc(C(=O)NCCc2ccc(S(=O)(=O)NC(=O)NC3CCCCC3)cc2)cn1,=,0.16,ZJJXGWJIGJFDTL-UHFFFAOYSA-N
N=C(N)c1ccc(OCCCCCOc2ccc(C(=N)N)cc2)cc1,=,53.0,XDRYMKDFEDOLFX-UHFFFAOYSA-N
CC(C)Cc1ccc([C@@H](C)C(=O)[O-])cc1,=,0.15,HEFNNWSXXWATRW-SNVBAGLBSA-M
NCC1OC(OC2CCC(N)C(OC3OC(CO)C(O)C(N)C3O)C2O)C(N)CC1O,=,0.23,JILLEHRRYBHYQI-UHFFFAOYSA-N
CC(Cl)C(N)=O,=,0.19,OEZPDHRXGCLGKB-UHFFFAOYSA-N
COCCc1ccc(OCC(O)CNC(C)C)cc1,=,3.1,IUBSYMUCCVWXPE-UHFFFAOYSA-N
CCC(CO)NCCNC(CC)CO,=,1.7,AEUTYOVWOVBAKS-UHFFFAOYSA-N
C/C=C\C1=C(C(=O)O)N2C(=O)[C@@H](NC(=O)[C@H](N)c3ccc(O)cc3)[C@H]2SC1,=,0.21,WDLWHQDACQUCJR-AGGBKSKLSA-N
CC(C)NCC(O)COc1cccc2[nH]ccc12,=,1.2,JZQKKSLKJUAGIC-UHFFFAOYSA-N
NCCC(O)C(=O)N[C@@H]1C[C@H](N)C(O[C@H]2O[C@H](CN)[C@H](O)[C@H](O)[C@H]2O)[C@@H](O)[C@@H]1O[C@H]1OC(CO)[C@@H](O)[C@H](N)[C@H]1O,=,0.16,LKCWBDHBTVXHDL-HAUVRSHRSA-N
O=C1CC[C@@]2(O)[C@H]3Cc4ccc(O)c5c4[C@@]2(CCN3CC2CC2)[C@H]1O5,=,7.6,DQCKKXVULJGBQN-XFWGSAIBSA-N
CN(C)C1C(=O)C(C(N)=O)=C(O)C2(O)C(=O)C3=C(O)c4c(O)cccc4C(C)(O)C3CC12,=,1.2,NWXMGUDVXFXRIG-UHFFFAOYSA-N
CN[C@H](CC(C)C)C(=O)NC1C(=O)N[C@@H](CC(N)=O)C(=O)NC2C(=O)NC3C(=O)NC(C(=O)N[C@@H](C(=O)O)c4cc(O)cc(O)c4-c4cc3ccc4O)[C@H](O)c3ccc(c(Cl)c3)Oc3cc2cc(c3O[C@@H]2O[C@H](CO)[C@@H](O)[C@H](O)[C@H]2O[C@H]2C[C@](C)(N)[C@H](O)[C@H](C)O2)Oc2ccc(cc2Cl)[C@H]1O,=,0.54,MYPYJXKWCTUITO-XUEPVZEFSA-N
C[C@]12C[C@H](O)[C@H]3[C@@H](CCC4=CC(=O)C=C[C@@]43C)[C@@H]1CC[C@]2(O)C(=O)CO,=,0.86,OIGNJSKKLXVSLS-VWUMJDOOSA-N
CC(=O)NC[C@H]1CN(c2ccc(N3CCOCC3)c(F)c2)C(=O)O1,=,0.58,TYZROVQLWOKYKF-ZDUSSCGKSA-N
O=S(=O)(O)CCCN1CCN(CCO)CC1,=,2.9,OWXMKDGYPWMGEB-UHFFFAOYSA-N
CC(=O)C[C@H](c1ccccc1)c1c(O)c2ccccc2oc1=O,=,0.13,PJVWKTKQMONHTI-OAHLLOKOSA-N
NC[C@H]1CC[C@H](C(=O)O)CC1,=,0.38,GYDJEQRTZSCIOI-LJGSYFOKSA-N
CN(C)N=Nc1ccc(C(=O)O)cc1,=,0.25,GUAZPUYTLMUTMA-UHFFFAOYSA-N
[2H]C1([2H])C(Oc2cc(C3(C#N)CCC(C(=O)O)CC3)ccc2OC)C([2H])([2H])C([2H])([2H])C1([2H])[2H],=,0.23,CFBUZOUXXHZCFB-UDCOFZOWSA-N
O=NN(CCCl)C(=O)NCCCl,=,1.2,DLGOEMSEDOSKAD-UHFFFAOYSA-N
O=C1CN(/N=C\c2ccc([N+](=O)[O-])o2)C(=O)N1,=,0.57,NXFQHRVNIOXGAQ-OQFOIZHKSA-N
CCCCc1oc2ccccc2c1-c1c(C(=O)c2cc(I)c(OCCN(CC)CC)c(I)c2-c2c(CCCC)oc3ccccc23)cc(I)c(OCCN(CC)CC)c1I,=,60.0,ISBICGJCBZOIOL-UHFFFAOYSA-N
CC(C)(C)[C@@]1(O)C[C@H]2OC(=O)C[C@]23C(=O)O[C@H]2OC(=O)[C@@H](O)[C@@]213,=,2.5,MOLPUWBMSBJXER-ZDXFXCARSA-N
Cc1nnc2n1-c1ccc(Cl)cc1C(c1ccccc1Cl)=NC2,=,0.58,JOFWLTCLBGQGBO-UHFFFAOYSA-N
CN1CCN(C(=O)OC2c3nccnc3C(=O)N2c2ccc(Cl)cn2)CC1,=,1.3,GBBSUAFBMRNDJC-UHFFFAOYSA-N
CC(O)C1C(=O)N2C(C(=O)O)=C(SC3CNC(CNS(N)(=O)=O)C3)C(C)C12,=,0.15,AVAACINZEOAHHE-UHFFFAOYSA-N
COc1ccc(C)cc1N1CCN(CCCNc2cc(=O)n(C)c(=O)n2C)CC1,=,0.75,RAWLZBUZFGOUJJ-UHFFFAOYSA-N
CO[C@@H]1[C@@H](O[C@@H]2O[C@H](C)[C@@H](O[C@H]3C[C@@](C)(O)[C@@H](OC(=O)CC(C)C)[C@H](C)O3)[C@H](N(C)C)[C@H]2O)[C@@H](CC=O)C[C@@H](C)[C@@H](O)/C=C/C=C/C[C@@H](C)OC(=O)C[C@H]1OC(C)=O,=,0.17,XJSFLOJWULLJQS-NGVXBBESSA-N
CN1[C@H]2CC[C@@H]1C[C@H](OC(=O)c1c[nH]c3ccccc13)C2,=,9.7,ZNRGQMMCGHDTEI-ITGUQSILSA-N
C[C@@H]1C(=O)O[C@H]2[C@H](O)C34[C@H]5C[C@@H](C(C)(C)C)C36C(OC(=O)[C@@H]6O)O[C@]4(C(=O)O5)[C@@]12O,=,0.91,SQOJOAFXDQDRGF-VMJSYCOQSA-N
CN(C)C(=N)NC(=N)N,=,0.64,XZWYZXLIPXDOLR-UHFFFAOYSA-N
C=CC[N@@+]12CC[C@@]34c5ccccc5N5C=C6[C@H]7C[C@H]8[C@@]9(CC[N@@+]8(CC=C)C/C7=C/CO)c7ccccc7N(C=C([C@@H](C[C@@H]31)/C(=C\CO)C2)[C@H]54)[C@@H]69,=,0.32,MUQUYTSLDVKIOF-BBMNSBIFSA-N
CC(C)NCC(O)COc1ccc(CC(N)=O)cc1,=,0.95,METKIMKYRPQLGS-UHFFFAOYSA-N
COc1cc([C@@H]2c3cc4c(cc3[C@@H](O[C@@H]3O[C@@H]5COC(c6cccs6)O[C@H]5[C@H](O)[C@H]3O)[C@H]3COC(=O)[C@H]23)OCO4)cc(OC)c1O,=,0.41,NRUKOCRGYNPUPR-PSZSYXFXSA-N
CNCCCN1c2ccccc2CCc2ccccc21,=,15.0,HCYAFALTSJYZDH-UHFFFAOYSA-N
OCCN1CCN(CCCN2c3ccccc3Sc3ccc(Cl)cc32)CC1,=,18.0,RGCVKNLCSQQDEP-UHFFFAOYSA-N
CC(C)(C)NCC(O)COc1cccc2c1CC(O)C(O)C2,=,1.9,VWPOSFSPZNDTMJ-UHFFFAOYSA-N
COc1cc2nc(N(C)CCCNC(=O)C3CCCO3)nc(N)c2cc1OC,=,1.5,WNMJYKCGWZFFKR-UHFFFAOYSA-N
CCCCc1ncc(C=C(Cc2cccs2)C(=O)O)n1Cc1ccc(C(=O)O)cc1,=,0.17,OROAFUQRIXKEMV-UHFFFAOYSA-N
O=C1CCC2CCCCC2C1,=,0.17,LGVJRKCQQHOWAU-UHFFFAOYSA-N
C[C@]12CC(=O)[C@@H]3[C@@H](CCC4=CC(=O)C=C[C@@]43C)[C@@H]1CC[C@@]2(O)C(=O)CO,=,0.57,XOFYZVNMUHMLCC-PBGGHTPGSA-N
CCN(CC)CCNC(=O)c1cc(Br)c(N)cc1OC,=,3.1,GIYAQDDTCWHPPL-UHFFFAOYSA-N
NC[C@H]1O[C@H](O[C@@H]2[C@@H](N)C[C@@H](N)C(O)[C@H]2O[C@@H]2O[C@H](CO)[C@@H](O)[C@H]2O)[C@H](N)[C@@H](O)[C@@H]1O,=,0.25,NSKGQURZWSPSBC-SSXIAAKRSA-N
CN[C@H]1C(=O)N[C@@H]2Cc3ccc(cc3)Oc3cc4cc(c3O[C@@H]3O[C@H](C(=O)O)[C@@H](O)[C@H](O)[C@H]3NC(=O)CCCCCCCCC(C)C)Oc3ccc(cc3Cl)[C@@H](O)[C@@H]3NC(=O)[C@H](NC(=O)[C@@H]4NC(=O)[C@@H](NC2=O)c2cc(cc(O)c2Cl)Oc2ccc1cc2O)c1ccc(O)c(c1)-c1c(O[C@H]2O[C@H](CO)[C@@H](O)[C@H](O)[C@@H]2O)cc(O)cc1[C@@H](C(=O)NCCCN(C)C)NC3=O,=,0.14,IZJRUXNZMRDQJI-SZUNQUCBSA-N
O=C(O)C1N=C(c2ccccc2)c2cc(Cl)ccc2NC1(O)O,=,0.2,DMKBGLSCDYFSGG-UHFFFAOYSA-N
COc1cccc2c1C(=O)c1c(O)c3c(c(O)c1C2=O)CC(O)(C(=O)CO)CC3OC1CC(N)C(O)C(C)O1,=,22.0,AOJJSUZBOXZQNB-UHFFFAOYSA-N
CC1(C)C(/C=C\C=C\C=C/C=C2\N(CCCCS(=O)(=O)[O-])c3c(ccc4ccccc34)C2(C)C)=[N+](CCCCS(=O)(=O)[O-])c2c1ccc1ccccc21,=,0.035,RPDQAYSTXVUGTK-UHFFFAOYSA-M
CC1(C)C[C@@H]1C(=O)N/C(=C\CCCCSC[C@H](N)C(=O)O)C(=O)O,=,0.15,DHSUYTOATWAVLW-WFVMDLQDSA-N
CO/N=C(\C(=O)N[C@@H]1C(=O)N2C(C(=O)[O-])=C(C[N+]3(C)CCCC3)CS[C@H]12)c1csc(N)n1,=,0.28,HVFLCNVBZFFHBT-ZKDACBOMSA-N
CC(C)(C)NC(=O)[C@@H]1CN(Cc2cccnc2)CCN1C[C@@H](O)C[C@@H](Cc1ccccc1)C(=O)N[C@H]1c2ccccc2C[C@H]1O,=,0.82,CBVCZFGXHXORBI-PXQQMZJSSA-N
CNC(=O)c1c(I)c(NC(C)=O)c(I)c(C(=O)O)c1I,=,0.17,UXIGWFXRQKWHHA-UHFFFAOYSA-N
O=C(O)Cn1c(=O)c(=O)[nH]c2cc([N+](=O)[O-])c(-n3ccnc3)cc21,=,0.19,SPXYHZRWPRQLNS-UHFFFAOYSA-N
CC(=O)N1CCN(c2ccc(OC[C@H]3CO[C@](Cn4ccnc4)(c4ccc(Cl)cc4Cl)O3)cc2)CC1,=,0.14,XMAYWYJOQHXEEK-OZXSUGGESA-N
Clc1cccc(Cl)c1NC1=NCCN1,=,3.3,GJSURZIOUXUGAL-UHFFFAOYSA-N
NC(=O)OC[C@@H]1[C@H](NC(=O)/C(=N\OCC(=O)O)c2csc(N)n2)C(=O)N1S(=O)(=O)O,=,0.18,UIMOJFJSJSIGLV-JNHMLNOCSA-N
CCNCC(O)c1cccc(O)c1,=,2.1,SQVIAVUSQAWMKL-UHFFFAOYSA-N
[2H]C([2H])(N)C([2H])([2H])OCC1=C(C(=O)OCC)C(c2ccccc2Cl)C(C(=O)OC)=C(C)N1,=,17.0,HTIQEAQVCYTUBX-YQUBHJMPSA-N
Cc1cccc(C)c1NC(=O)C(C)N,=,1.8,BUJAGSGYPOAWEI-UHFFFAOYSA-N
C/C(=C\c1csc(C)n1)[C@@H]1C[C@@H]2O[C@]2(C)CCC[C@@H](C)[C@H](O)[C@@H](C)C(=O)C(C)(C)[C@@H](O)CC(=O)N1,=,11.0,FABUFPQFXZVHFB-ZAYBSCONSA-N
CCC1=C(C)CN(C(=O)NCCc2ccc(S(=O)(=O)NC(=O)N[C@H]3CC[C@H](C)CC3)cc2)C1=O,=,0.19,WIGIZIANZCJQQY-RUCARUNLSA-N
CCCC(=O)Nc1ccc(OCC(O)CNC(C)C)c(C(C)=O)c1,=,1.7,GOEMGAFJFRBGGG-UHFFFAOYSA-N
COC1(NC(=O)CSCC#N)C(=O)N2C(C(=O)O)=C(CSc3nnnn3C)CSC21,=,0.13,SNBUBQHDYVFSQF-UHFFFAOYSA-N
CCC(=O)O[C@]1(C(=O)SCF)[C@H](C)C[C@H]2C3C[C@H](F)C4=CC(=O)C=C[C@]4(C)[C@@]3(F)[C@@H](O)C[C@@]21C,=,3.6,WMWTYOKRWGGJOA-ZHLGSTKJSA-N
Fc1ccc([C@@H]2CCNC[C@H]2COc2ccc3c(c2)OCO3)cc1,=,18.0,AHOUBRCZNHFOSL-YOEHRIQHSA-N
CCCC(=O)OCN1C(C)=C(C(=O)[O-])C(c2cccc(Cl)c2Cl)C(C(=O)OC)=C1C,=,0.58,ISHSFMOTCOCUCQ-UHFFFAOYSA-M
C[C@H]([C@](O)(Cn1cncn1)c1ccc(F)cc1F)S(C)(=O)=O,=,0.62,HFGZFHCWKKQGIS-NOZJJQNGSA-N
COC(=O)[C@H]1[C@@H](OC(=O)c2ccccc2)C[C@@H]2CC[C@H]1N2C,=,2.0,ZPUCINDJVBIVPJ-LJISPDSOSA-N
CN1CCOC(c2ccccc2)c2ccccc2C1,=,5.6,RGPDEAGGEXEMMM-UHFFFAOYSA-N
S=P(N1CC1)(N1CC1)N1CC1,=,1.6,FOCVUCIESVLUNU-UHFFFAOYSA-N
CC#CCC(C)[C@H](O)/C=C/[C@@H]1[C@H]2C/C(=C/CCCC(=O)O)C[C@H]2C[C@H]1O,=,0.37,HIFJCPQKFCZDDL-ACWOEMLNSA-N
C=CCC1(C(C)C#CCC)C(=O)NC(=O)N(C)C1=O,=,1.1,NZXKDOXHBHYTKP-UHFFFAOYSA-N
NC[C@@H]1CC[C@@H](N)[C@@H](O[C@@H]2[C@@H](N)C[C@@H](N)[C@H](O[C@H]3O[C@H](CO)[C@@H](O)[C@H](N)[C@H]3O)[C@H]2O)O1,=,0.13,JJCQSGDBDPYCEO-XVZSLQNASA-N
CCC(C)(C)NCC(O)COc1ccccc1C(=O)CCc1ccccc1,=,1.2,VDKMYSMWQCFYBQ-UHFFFAOYSA-N
CC[C@H]1OC(=O)[C@H](C)[C@H](O[C@H]2C[C@@](C)(OC)[C@H](O)[C@H](C)O2)[C@H](C)[C@H](O[C@H]2O[C@@H](C)C[C@@H](N(C)C)[C@@H]2O)[C@@](C)(O)C[C@@H](C)C(=O)[C@H](C)[C@H](O)[C@@]1(C)O,=,0.95,ULGZDMOVFRHVEP-UIGVSETDSA-N
Nc1nc(=O)c2c([nH]1)NCC(CNc1ccc(C(=O)N[C@@H](CCC(=O)[O-])C(=O)[O-])cc1)N2C=O,=,0.25,VVIAGPKUTFNRDU-ABLWVSNPSA-L
O=C1OC2(c3ccc(O)cc3Oc3cc(O)ccc32)c2ccccc21,=,0.14,GNBHRKFJIUUOQI-UHFFFAOYSA-N
CC(=N)N1CC[C@H](SC2=C(C(=O)O)N3C(=O)[C@H]([C@@H](C)O)[C@H]3C2)C1,=,0.19,TYMABNNERDVXID-DLYFRVTGSA-N
C[C@H]1O[C@@H](O[C@H]2[C@@H](O)C[C@H](O[C@H]3[C@@H](O)C[C@H](O[C@H]4CC[C@]5(C)[C@H]6C[C@@H](O)[C@]7(C)[C@@H](C8=CC(=O)OC8)CC[C@]7(O)[C@@H]6CC[C@@H]5C4)O[C@@H]3C)O[C@@H]2C)C[C@H](O)[C@@H]1O,=,4.1,LTMHDMANZUZIPE-PUGKRICDSA-N
COc1cccc2c1C(=O)c1c(O)c3c(c(O)c1C2=O)C[C@@](O)(C(C)=O)C[C@@H]3O[C@H]1C[C@H](N)[C@H](O)[C@H](C)O1,=,0.95,STQGQHZAVUOBTE-VGBVRHCVSA-N
COc1ccc2c3c1O[C@H]1C[C@@H](O)C=C[C@@]31CCN(C)C2,=,2.3,ASUTZQLVASHGKV-JDFRZJQESA-N
CC(C)c1cccc(O)c1C(C)C,=,4.7,ZEFOXNBIQIPHOP-UHFFFAOYSA-N
O[C@](CCN1CCCCC1)(c1ccccc1)C1CC2C=CC1C2,=,12.0,YSXKPIUOCJLQIE-AONDRMHESA-N
CN[C@@H]1C[C@@H]2O[C@@](C)([C@@H]1OC)n1c3ccccc3c3c4c(c5c6ccccc6n2c5c31)C(=O)N[C@@H]4O,=,0.15,PBCZSGKMGDDXIJ-VDKBNTJGSA-N
Cc1cnc(NCCCN(C)C)c2c1[nH]c1ccc3cc(O)ccc3c12,=,11.0,QROONAIPJKQFMC-UHFFFAOYSA-N
O=c1cnc(-c2ccccc2Cl)c2cc(Cl)ccc2n1,=,2.2,FJZXDAPDVRRTNM-UHFFFAOYSA-N
CCN[C@@H](C)Cc1cccc(C(F)(F)F)c1,=,11.0,DBGIVFWFUFKIQN-VIFPVBQESA-N
CC[C@@]1(O)CN2CC[C@H]1C[C@@H]2[C@@H](O)c1ccnc2ccc(OC)cc12,=,6.8,QJYVSAYVZYKUJL-LGWHJFRWSA-N
CCC(=O)OC(Cc1ccccc1)(c1ccccc1)C(C)CN(C)C,=,12.0,XLMALTXPSGQGBX-UHFFFAOYSA-N
Cc1onc(-c2c(F)cccc2Cl)c1C(=O)N[C@@H]1C(=O)N2[C@@H](C(=O)O)C(C)(C)S[C@H]12,=,0.19,UIOFUWFRIANQPC-JKIFEVAISA-N
COc1ccc(CCNCC(O)COc2cccc(C)c2)cc1OC,=,0.67,HXLAFSUPPDYFEO-UHFFFAOYSA-N
CCCCCCCCCC(=O)N[C@@H](Cc1c[nH]c2ccccc12)C(=O)N[C@H](CC(N)=O)C(=O)N[C@@H](CC(=O)O)C(=O)N[C@]1(C)C(=O)NCC(=O)N[C@@H](CCCN)C(=O)N[C@H](CC(=O)O)C(=O)N[C@H](C)C(=O)N[C@@H](CC(=O)O)C(=O)NCC(=O)N[C@@H](CO)C(=O)N[C@@H]([C@H](C)CC(=O)O)C(=O)N[C@H](CC(=O)c2ccccc2N)C(=O)O[C@@H]1C,=,0.08800000000000001,BTOZAHFFZDWCGE-GMEIZUCOSA-N
COc1nc(C)nc(Cl)c1NC1=NCCN1,=,1.8,WPNJAUFVNXKLIM-UHFFFAOYSA-N
CC(=O)C1(O)Cc2c(O)c3c(c(O)c2C(OC2CC(N)C(O)C(C)O2)C1)C(=O)c1ccccc1C3=O,=,38.0,XDXDZDZNSLXDNA-UHFFFAOYSA-N
COc1cc2nc(N3CCN(C(=O)C4COc5ccccc5O4)CC3)nc(N)c2cc1OC,=,1.3,RUZYUOTYCVRMRZ-UHFFFAOYSA-N
NCCCC[C@H](N[C@@H](CCc1ccccc1)C(=O)O)C(=O)N1CCC[C@H]1C(=O)O,=,0.89,RLAWWYSOJDYHDC-BZSNNMDCSA-N
O=[N+]([O-])O[C@@H]1CO[C@@H]2[C@@H](O)CO[C@H]12,=,0.7,YWXYYJSYQOXTPL-SLPGGIOYSA-N
COc1ccc(CCN(C)CCCC(C#N)(c2ccc(OC)c(OC)c2)C(C)C)cc1OC,=,3.7,SGTNSNPWRIOYBX-UHFFFAOYSA-N
O=C1CCNC(=O)C1,=,1.1,RDNZDMDLRIQQAX-UHFFFAOYSA-N
CCC(C)CC(C)CCCCCCCCC(=O)N[C@H]1C[C@@H](O)[C@H](NCCN)NC(=O)[C@@H]2[C@@H](O)CCN2C(=O)[C@H]([C@@H](O)CCN)NC(=O)[C@H]([C@H](O)[C@@H](O)c2ccc(O)cc2)NC(=O)[C@@H]2C[C@@H](O)CN2C(=O)[C@H]([C@@H](C)O)NC1=O,=,0.13,JYIKNQVWKBUSNH-IOWAMHHWSA-N
O=[N+]([O-])O[C@H]1CO[C@H]2[C@@H]1OC[C@H]2O[N+](=O)[O-],=,1.9,MOYKHGMNXAOIAT-JGWLITMVSA-N
CCN1CCN(C(=O)N[C@@H](C(=O)N[C@@H]2C(=O)N3C2SC(C)(C)C3C(=O)O)c2ccccc2)C(=O)C1=O,=,0.27,IVBHGBMCVLDMKU-FXTZWWGYSA-N
Cc1cc(N/C(O)=C2/C(=O)c3ccccc3S(=O)(=O)N2C)no1,=,0.19,LXLDMERTXJKSMN-WYMLVPIESA-N
CCN1CCN(C(=O)NC(C(=O)N[C@H]2C(=O)N3C(C(=O)O)=C(CSc4nnnn4C)CS[C@@H]23)c2ccc(O)cc2)C(=O)C1=O,=,0.17,GCFBRXLSHGKWDP-KVUOWAFTSA-N
Cc1nc2c([nH]1)-c1ccccc1N(C(=O)c1ccc(NC(=O)c3ccccc3-c3ccccc3)cc1)CC2,=,0.76,IKENVDNFQMCRTR-UHFFFAOYSA-N
C[C@@H]1CC(=O)NN=C1c1ccc(NN=C(C#N)C#N)cc1,=,0.24,WHXMKTBCFHIYNQ-SECBINFHSA-N
C[C@@H](O)[C@H]1C(=O)N2C(C(=O)O)=C(SCCNC=N)C[C@H]12,=,0.24,ZSKVGTPCRGIANV-ZXFLCMHBSA-N
CCCC(C)(COC(N)=O)COC(N)=O,=,0.7,NPPQSCRMBWNHMW-UHFFFAOYSA-N
O=C(O)C(Cl)Cl,=,0.19,JXTHNDFMNIQAHM-UHFFFAOYSA-N
CN(C)CCCN1c2ccccc2CCc2ccccc21,=,12.0,BCGWQEUPMDMJNV-UHFFFAOYSA-N
C[C@H]1O[C@@H](O[C@H]2[C@@H](O)C[C@H](O[C@H]3[C@@H](O)C[C@H](O[C@H]4CC[C@]5(C)[C@H]6CC[C@]7(C)[C@@H](C8=CC(=O)OC8)CC[C@]7(O)[C@@H]6CC[C@@H]5C4)O[C@@H]3C)O[C@@H]2C)C[C@H](O)[C@@H]1O,=,0.44,WDJUZGPOPHTGOT-XUDUSOBPSA-N
CCC(=O)N(c1ccccc1)C1(COC)CCN(CCn2nnn(CC)c2=O)CC1,=,0.45,IDBPHNDTYPBSNI-UHFFFAOYSA-N
COc1ccc2c(c1)Sc1ccccc1N2CC(C)CN(C)C,=,12.0,JOZGNVRNTPTRTB-UHFFFAOYSA-N
CCOC(=O)C1(c2ccccc2)CCC=C[C@H]1N(C)C,=,4.0,WDEFBBTXULIOBB-LDCVWXEPSA-N
N=C(N)NCCC[C@H](NC(=O)[C@@H]1CCCN1C(=O)[C@@H]1CSSCCC(=O)N[C@@H](Cc2ccc(O)cc2)C(=O)N[C@@H](Cc2ccccc2)C(=O)N[C@@H](CCC(N)=O)C(=O)N[C@@H](CC(N)=O)C(=O)N1)C(=O)NCC(N)=O,=,0.3,NFLWUMRGJYTJIN-NXBWRCJVSA-N
CN(Cc1cnc2nc(N)nc(N)c2n1)c1ccc(C(=O)N[C@@H](CCC(=O)O)C(=O)O)cc1,=,0.43,FBOZXECLQNJBKD-ZDUSSCGKSA-N
COc1ccc([C@H]2Sc3ccccc3N(CCN(C)C)C(=O)[C@H]2OC(C)=O)cc1,=,4.1,HSUGRBWQSSZJOP-LEWJYISDSA-N
NC(CCCCNC(=O)[C@@H](Cc1cc(Br)c(O)c(Br)c1)NC(=O)N1CCC(N2Cc3ccccc3NC2=O)CC1)C(=O)N1CCN(c2ccncc2)CC1,=,0.31,ATGNXDDNAVZYOK-NFCCVXSLSA-N
CN1CC[C@]23c4c5ccc(O)c4O[C@H]2[C@@H](O)C=C[C@H]3[C@H]1C5,=,2.3,BQJCRHHNABKAKU-KBQPJGBKSA-N
CCN1CCC[C@H]1CNC(=O)c1c(OC)ccc(Br)c1OC,=,0.65,GUJRSXAPGDDABA-NSHDSACASA-N
Cc1nnc(SCC2=C(C(=O)O)N3C(=O)C(NC(=O)Cn4cnnn4)C3SC2)s1,=,0.12,MLYYVTUWGNIJIB-UHFFFAOYSA-N
O=C1CCCOc2ccc(Br)cc21,=,0.83,JMIWCASGALGDMJ-UHFFFAOYSA-N
COC(=O)C(c1ccccc1)C1CCCCN1,=,2.2,DUGOZIWVEXMGBE-UHFFFAOYSA-N
C[C@H](N[C@@H](CCc1ccccc1)C(=O)O)C(=O)N1Cc2ccccc2C[C@H]1C(=O)O,=,0.13,FLSLEGPOVLMJMN-YSSFQJQWSA-N
CCCCNc1cc(C(=O)O)cc(S(N)(=O)=O)c1Oc1ccccc1,=,0.16,MAEIEVLCKWDQJH-UHFFFAOYSA-N
CCOC(=O)[C@@]1(c2ccccc2)CCC=C[C@@H]1NC,=,2.5,PDJZPNKVLDWEKI-GOEBONIOSA-N
Cn1c(=O)c2[nH]cnc2n(C)c1=O,=,0.51,ZFXYFBGIUFBOJW-UHFFFAOYSA-N
CC1CN(c2c(F)c(N)c3c(=O)c(C(=O)O)cn(C4CC4)c3c2F)C[C@H](C)N1,=,3.9,DZZWHBIBMUVIIW-IENPIDJESA-N
CCC(CC)COC(C(=O)OCCN(C)C)(c1ccccc1)c1ccccc1,=,7.1,FPTOUQZVCUIPHY-UHFFFAOYSA-N
C#CCN(C)C(C)Cc1ccccc1,=,1.9,MEZLKOACVSPNER-UHFFFAOYSA-N
COc1ccc2c3c1OC1C(=O)CCC4(O)C(C2)N(C)CCC314,=,2.5,BRUQQQPBMZOVGD-UHFFFAOYSA-N
C[N@@H+]1CCc2cccc3c2[C@H]1Cc1ccc(O)c(O)c1-3,=,1.6,VMWNQDUVQKEIOC-CYBMUJFWSA-O
CC/C=C\C/C=C\C/C=C\C/C=C\C/C=C\C/C=C\CCC(=O)O[C@@H](C(=O)O[C@H]1C[C@@]2(O)[C@@H](OC(=O)c3ccccc3)[C@H]3[C@](C)(C(=O)[C@H](OC(C)=O)C(=C1C)C2(C)C)[C@@H](O)C[C@H]1OC[C@]13OC(C)=O)[C@@H](NC(=O)c1ccccc1)c1ccccc1,=,0.068,LRCZQSDQZJBHAF-PUBGEWHCSA-N
C[C@H]1C[C@H]2[C@@H]3CC[C@](O)(C(=O)CO)[C@@]3(C)C[C@H](O)[C@@H]2[C@@]2(C)C=CC(=O)C=C12,=,1.2,VHRSUDSXCMQTMA-PJHHCJLFSA-N
CN(C)CC[C@H](c1ccc(Cl)cc1)c1ccccn1,=,3.3,SOYKEARSMXGVTM-OAHLLOKOSA-N
CN(C)CCc1c[nH]c2ccc(C[C@H]3COC(=O)N3)cc12,=,1.8,ULSDMUVEXKOYBU-ZDUSSCGKSA-N
OCCN1CC(O)C(O)[C@@H](O)C1CO,=,0.28,IBAQFPQHRJAVAV-UWWAEOQPSA-N
O=C(NCC(O)CO)c1c(I)c(C(=O)NCC(O)CO)c(I)c(C(=O)NCC(O)CO)c1I,=,0.16,BAFFCVCLJHSNGO-UHFFFAOYSA-N
C[C@H]1COc2c(N3CCN(C)CC3)c(F)cc3c(=O)c(C(=O)O)cn1c23,=,1.2,GSDSWSVVBLHKDQ-JTQLQIEISA-N
COc1c(N2C[C@@H]3CCCN[C@@H]3C2)c(F)cc2c(=O)c(C(=O)O)cn(C3CC3)c12,=,1.4,FABPRXSRWADJSP-MEDUHNTESA-N
C#C[C@]1(OS(=O)(=O)O)CC[C@H]2[C@@H]3CCc4cc(O)ccc4[C@H]3CC[C@@]21C,=,0.61,JHKCCDZKVDAGJH-SLHNCBLASA-N
Cc1ccc(-c2nc3ccc(C)cn3c2CC(=O)N(C)C)cc1,=,0.54,ZAFYATHCZYHLPB-UHFFFAOYSA-N
CCC(=O)OCC(=O)[C@@]1(OC(=O)CC)[C@@H](C)C[C@H]2[C@@H]3CCC4=CC(=O)C=C[C@]4(C)[C@]3(Cl)[C@@H](O)C[C@@]21C,=,0.29,KUVIULQEHSCUHY-AFPZPSHSSA-N
Cc1cccc(N2CC(CO)OC2=O)c1,=,1.5,MXUNKHLAEDCYJL-UHFFFAOYSA-N
NNOC(=O)c1ccncc1,=,0.82,LRNFBKZFFSMJIA-UHFFFAOYSA-N
CCCn1c(=O)[nH]c(=O)c2nc[nH]c21,=,0.63,SIQPXVQCUCHWDI-UHFFFAOYSA-N
NCCCCCC(=O)O,=,0.39,SLXKOJJOQWFEFD-UHFFFAOYSA-N
CN(C)CCc1c[nH]c2ccc(CS(=O)(=O)N3CCCC3)cc12,=,2.2,WKEMJKQOLOHJLZ-UHFFFAOYSA-N
O=C(Cc1cccs1)N[C@@H]1C(=O)N2C(C(=O)[O-])=C(C[n+]3ccccc3)CS[C@H]12,=,0.46,CZTQZXZIADLWOZ-CRAIPNDOSA-N
CCC1=CC2CN(C1)Cc1c([nH]c3ccccc13)[C@@](C(=O)OC)(c1cc3c(cc1OC)N(C)[C@H]1[C@@](O)(C(=O)OC)[C@H](OC(C)=O)[C@]4(CC)C=CCN5CC[C@]31[C@@H]54)C2,=,23.0,GBABOYUKABKIAF-BXZSYHTRSA-N
Nc1n[n+]([O-])c2ccccc2[n+]1[O-],=,0.56,ORYDPOVDJJZGHQ-UHFFFAOYSA-N
CCOC(=O)C(N)C(=O)OCC,=,1.3,WLTCKEHCTUYJGI-UHFFFAOYSA-N
CCCCCc1cc(O)c2c(c1)OC(C)(C)[C@@H]1CCC(C)=C[C@@H]21,=,8.9,CYQFCXCEBYINGO-IAGOWNOFSA-N
Nc1nc2c(ncn2COC(CO)CO)c(=O)[nH]1,=,1.0,IRSCQMHQWWYFCW-UHFFFAOYSA-N
CCN(CC)CCS(=O)(=O)[C@@H]1CCN2C(=O)c3coc(n3)CC(=O)C[C@H](O)/C=C(C)/C=C/CNC(=O)/C=C/[C@@H](C)[C@@H](C(C)C)OC(=O)[C@@H]12,=,0.39,SUYRLXYYZQTJHF-VMBLUXKRSA-N
CN1C[C@H](C(=O)N[C@]2(C)O[C@@]3(O)[C@@H]4CCCN4C(=O)[C@H](Cc4ccccc4)N3C2=O)C=C2c3cccc4[nH]cc(c34)C[C@H]21,=,3.6,XCGSFFUVFURLIX-VFGNJEKYSA-N
COC(=O)C1=C(C)NC(C)=C(C(=O)OC(C)C)C1c1cccc2nonc12,=,1.5,HMJIYCCIJYRONP-UHFFFAOYSA-N
CC(=O)CC(=O)Nc1ccc(-c2ccccc2)cc1,=,0.4,RFNJJAXRANPLRG-UHFFFAOYSA-N
C[C@@H](O)[C@H]1C(=O)N2C(C(=O)O)=C(S[C@H]3C[C@@H](C(=O)N4CCC[C@@H]4NC(=O)CNC(=N)N)N(C)C3)[C@H](C)[C@H]12,=,0.23,HXSRKROQMFKEAR-ORPMZVJSSA-N
CCN1CC(CCN2CCOCC2)C(c2ccccc2)(c2ccccc2)C1=O,=,1.2,XFDJYSQDBULQSI-UHFFFAOYSA-N
CCOc1ccc(/C=C2\NCCc3cc(OCC)c(OCC)cc32)cc1OCC,=,1.9,OMFNSKIUKYOYRG-MOSHPQCFSA-N
COC(=O)O[C@@]12CO[C@@H]1C[C@H](O)[C@@]1(C)C(=O)[C@H](OC(C)=O)C3=C(C)[C@@H](OC(=O)[C@H](O)[C@@H](NC(=O)c4ccccc4)c4ccccc4)C[C@@](O)([C@@H](OC(=O)c4ccccc4)[C@@H]12)C3(C)C,=,6.9,GMJWGJSDPOAZTP-MIDYMNAOSA-N
CCCCC(=O)N(Cc1ccc(-c2ccccc2-c2nnn[nH]2)cc1)[C@H](C(=O)O)C(C)C,=,0.22,ACWBQPMHZXGDFX-QFIPXVFZSA-N
COc1ccc2c3c1O[C@H]1[C@@H](O)C=C[C@H]4[C@@H](C2)N(C)CC[C@]314,=,3.5,OROGSEYTTFOCAN-DNJOTXNNSA-N
O=P(O)(O)C(O)(Cn1ccnc1)P(=O)(O)O,=,0.6,XRASPMIURGNCCH-UHFFFAOYSA-N
COCc1c(C(C)C)nc(C(C)C)c(/C=C/C2CC(O)CC(=O)O2)c1-c1ccc(F)cc1,=,0.33,MCBZSKZRUIWKPM-ZHACJKMWSA-N
[2H]C1([2H])N(C)C([2H])([2H])C([2H])([2H])N(C2=Nc3cc(Cl)ccc3Nc3ccccc32)C1([2H])[2H],=,1.6,QZUDBNBUXVUHMW-JNJBWJDISA-N
CN(C)c1ccc(O)c2c1C[C@H]1C[C@H]3[C@H](N(C)C)C(=O)/C(=C(/N)O)C(=O)[C@@]3(O)C(=O)C1=C2O,=,1.6,CUJCFMVUUMIFDR-XVLNIUNCSA-N
CC(=O)c1cc[nH]c1C(N)=O,=,0.37,CDSATVVADOLVOV-UHFFFAOYSA-N
CC1(C)S[C@H]2[C@@H](NC(=O)[C@@H](N)c3ccccc3)C(=O)N2[C@@H]1C(=O)O,=,0.22,AVKUERGKIZMTKX-DYNIEEOBSA-N
COC(=O)C[C@@H](CC(=O)C=P(c1ccccc1)(c1ccccc1)c1ccccc1)O[Si](C)(C)C(C)(C)C,=,4.8,LKFANOWXMJEZDI-AREMUKBSSA-N
c1ccc(C2(c3ccccc3)CC2C2=NCCN2)cc1,=,4.1,IPOBOOXFSRWSHL-UHFFFAOYSA-N
NC1=NC(=O)C([C@H]2CO[C@H](CO)O2)C=N1,=,1.0,QQOMBQDLZWTWPU-UVCATTPVSA-N
[2H]C([2H])([2H])OC(=O)C1=C(C)NC(C)=C(C(=O)OC([2H])([2H])[2H])C1c1cccc(Cl)c1Cl,=,4.4,VEACAIASCBTOFS-LIJFRPJRSA-N
CN1CC[C@]23c4c5ccc(O)c4O[C@@H]2[C@H](O[C@@H]2O[C@H](C(=O)O)[C@@H](O)[C@H](O)[C@H]2O)C=C[C@H]3[C@H]1C5,=,0.12,GNJCUHZOSOYIEC-VJXYMCLOSA-N
Nc1ccc([S+](=O)([O-])Nc2ncccn2)cc1,=,0.29,JNSIGQZDHNFJIB-UHFFFAOYSA-N
Cc1cccc(C)c1NC(=O)C1CCCCN1C,=,0.95,INWLQCZOYSRPNW-UHFFFAOYSA-N
NS(=O)(=O)c1cc2c(cc1C(F)(F)F)NCNS2(=O)=O,=,2.2,DMDGGSIALPNSEE-UHFFFAOYSA-N
CC(=O)OCC1=C(C(=O)O)N2C(=O)C(NC(=O)CSc3ccncc3)C2SC1,=,0.13,UQLLWWBDSUHNEB-UHFFFAOYSA-N
CCN(CC)CCNC(=O)c1ccc(NS(C)(=O)=O)cc1,=,0.82,KHYPYQZQJSBPIX-UHFFFAOYSA-N
CCCC1C(=O)N2C(N(C)C)=Nc3ccc(C)cc3N2C1=O,=,0.12,MPHPHYZQRGLTBO-UHFFFAOYSA-N
CCC[C@@H]1CC(C(=O)N[C@H]([C@@H](C)O)[C@H]2O[C@H](SC)[C@H](O)[C@@H](O)[C@H]2O)N(C)C1,=,1.0,OJMMVQQUTAEWLP-ISVUEQNNSA-N
CC(=O)NC1C(NC(=N)N)C=C(C(=O)O)OC1C(O)C(O)CO,=,0.23,ARAIBEBZBOPLMB-UHFFFAOYSA-N
CO[C@@]1(NC(=O)[C@H](C(=O)O)c2ccc(O)cc2)C(=O)N2C(C(=O)O)=C(CSc3nnnn3C)CO[C@@H]21,=,0.17,JWCSIUVGFCSJCK-LIUKBUMOSA-N
CCOc1ccccc1O[C@@H](c1ccccc1)[C@@H]1CNCCO1,=,0.65,CBQGYUDMJHNJBX-OALUTQOASA-N
CNC1C(O)C(OC2C(NC(=O)C(O)CN)CC(N)C(O)C2O)OCC1(C)OC1OC(CN)C(O)C(O)C1O,=,0.32,WVUXLNQATJQHLA-UHFFFAOYSA-N
O=c1[nH]cc(F)c(=O)[nH]1,=,0.23,GHASVSINZRGABV-UHFFFAOYSA-N
CC[C@]1(O)C[C@H]2CN(CCC3C(=Nc4ccccc43)[C@@](C(=O)OC)(c3cc4c(cc3OC)N(C)[C@H]3[C@@](O)(C(N)=O)[C@H](O)[C@]5(CC)C=CCN6CC[C@]43[C@@H]65)C2)C1,=,5.0,RJHLHHANMLUOBE-YOQHIDJQSA-N
CCO[C@@H](Cc1ccc(OCCc2ccc(OS(C)(=O)=O)cc2)cc1)C(=O)O,=,0.13,CXGTZJYQWSUFET-IBGZPJMESA-N
COc1ccc(C(CN(C)C)C2(O)CCCCC2)cc1,=,4.4,PNVNVHUZROJLTJ-UHFFFAOYSA-N
O=C(NCCN1CCOCC1)c1ccc(Cl)cc1,=,1.1,YHXISWVBGDMDLQ-UHFFFAOYSA-N
CCN[C@@H]1C[C@H](N)[C@@H](O[C@H]2OC(CN)=CC[C@H]2N)[C@H](O)[C@H]1O[C@H]1OC[C@](C)(O)[C@H](NC)[C@H]1O,=,0.073,CIDUJQMULVCIBT-MQDUPKMGSA-N
Cc1ccc(C(=O)Nc2ccc(S(=O)(=O)O)c3cc(S(=O)(=O)O)cc(S(=O)(=O)O)c23)cc1NC(=O)c1cccc(NC(=O)Nc2cccc(C(=O)Nc3cc(C(=O)Nc4ccc(S(=O)(=O)O)c5cc(S(=O)(=O)O)cc(S(=O)(=O)O)c45)ccc3C)c2)c1,=,0.54,FIAFUQMPZJWCLV-UHFFFAOYSA-N
CN(C)CCNc1ccc2c3c(nn2CCNCCO)-c2cnccc2C(=O)c13,=,57.0,ZHAKYGFJVGCOAE-UHFFFAOYSA-N
C=CC[N+]1([C@H]2C[C@H]3[C@@H]4CC[C@H]5C[C@H](O)[C@@H](N6CCOCC6)C[C@]5(C)[C@H]4CC[C@]3(C)[C@H]2OC(C)=O)CCCC1,=,0.21,YXRDKMPIGHSVRX-OOJCLDBCSA-N
Nc1ccn([C@@H]2O[C@H](CO)[C@@H](O)C2(F)F)c(=O)n1,=,1.5,SDUQYLNIPVEERB-QPPQHZFASA-N
CN(C)CCC[N+]1([O-])c2ccccc2CCc2ccccc21,=,1.9,CADMPLPEJHVVFU-UHFFFAOYSA-N
NNc1nncc2ccccc12,=,1.5,RPTUSVTUFVMDQK-UHFFFAOYSA-N
COc1ccccc1OCCNCC(O)COc1cccc2[nH]c3ccccc3c12,=,1.3,OGHNVEJMJSYVRP-UHFFFAOYSA-N
CN1CCC23c4c5ccc(O)c4OC2C(=O)CCC3C1C5,=,4.3,WVLOADHCBXTIJK-UHFFFAOYSA-N
C=CC1=C(C(=O)O)N2C(=O)[C@@H](NC(=O)C(=NOCC(=O)O)c3csc(N)n3)[C@H]2SC1,=,0.24,OKBVVJOGVLARMR-QMTHXVAHSA-N
CC[C@H]1OC(=O)[C@H](C)[C@@H](O[C@H]2C[C@@](C)(OC)[C@@H](O)[C@H](C)O2)[C@H](C)[C@@H](O[C@@H]2O[C@H](C)C[C@H](N(C)C)[C@H]2O)[C@](C)(OC)C[C@@H](C)C(=O)[C@H](C)[C@@H](O)[C@]1(C)O,=,1.5,AGOYDEPGAOXOCK-KCBOHYOISA-N
CC(=O)N[C@@H](CS)C(=O)[O-],=,0.55,PWKSKIMOESPYIA-BYPYZUCNSA-M
C[C@H](NCc1ccccc1)c1ccccc1,=,3.9,ZYZHMSJNPCYUTB-ZDUSSCGKSA-N
